Ticker,LogoURL
"MMM","https://upload.wikimedia.org/wikipedia/commons/thumb/1/15/3M_wordmark.svg/175px-3M_wordmark.svg.png"
"AOS","https://upload.wikimedia.org/wikipedia/commons/thumb/0/04/AO_Smith_logo.svg/220px-AO_Smith_logo.svg.png"
"ABT","https://upload.wikimedia.org/wikipedia/commons/thumb/a/a4/Abbott_Laboratories_logo.svg/220px-Abbott_Laboratories_logo.svg.png"
"ABBV","https://upload.wikimedia.org/wikipedia/commons/thumb/c/cc/AbbVie_logo.svg/220px-AbbVie_logo.svg.png"
"ACN","https://upload.wikimedia.org/wikipedia/commons/thumb/c/cd/Accenture.svg/220px-Accenture.svg.png"
"ADBE","https://upload.wikimedia.org/wikipedia/commons/thumb/6/6e/Adobe_Corporate_logo.svg/240px-Adobe_Corporate_logo.svg.png"
"AMD","https://upload.wikimedia.org/wikipedia/commons/thumb/7/7c/AMD_Logo.svg/220px-AMD_Logo.svg.png"
"AES","https://upload.wikimedia.org/wikipedia/en/thumb/f/f2/Edit-clear.svg/40px-Edit-clear.svg.png"
"AFL","https://upload.wikimedia.org/wikipedia/en/thumb/1/1b/Semi-protection-shackle.svg/20px-Semi-protection-shackle.svg.png"
"A","https://upload.wikimedia.org/wikipedia/en/thumb/1/14/Agilent.svg/250px-Agilent.svg.png"
"APD","https://upload.wikimedia.org/wikipedia/commons/thumb/2/20/Logo_Air_Products.svg/220px-Logo_Air_Products.svg.png"
"ABNB","https://upload.wikimedia.org/wikipedia/commons/thumb/6/69/Airbnb_Logo_B%C3%A9lo.svg/220px-Airbnb_Logo_B%C3%A9lo.svg.png"
"AKAM","https://upload.wikimedia.org/wikipedia/en/thumb/b/b4/Ambox_important.svg/40px-Ambox_important.svg.png"
"ALB","https://upload.wikimedia.org/wikipedia/commons/thumb/3/3e/Albermarle_Corporation.svg/280px-Albermarle_Corporation.svg.png"
"ARE","https://upload.wikimedia.org/wikipedia/en/thumb/4/4f/Alexandria_Real_Estate_Equities_logo.png/220px-Alexandria_Real_Estate_Equities_logo.png"
"ALGN","https://upload.wikimedia.org/wikipedia/commons/thumb/f/f0/Align_Technology.png/120px-Align_Technology.png"
"ALLE","https://upload.wikimedia.org/wikipedia/en/e/e4/Allegion_logo.png"
"LNT","https://upload.wikimedia.org/wikipedia/commons/thumb/6/6a/Alliant_Energy_logo.svg/220px-Alliant_Energy_logo.svg.png"
"ALL","https://upload.wikimedia.org/wikipedia/en/thumb/3/30/Allstate_logo.svg/220px-Allstate_logo.svg.png"
"GOOGL","https://upload.wikimedia.org/wikipedia/en/thumb/1/1b/Semi-protection-shackle.svg/20px-Semi-protection-shackle.svg.png"
"GOOG","https://upload.wikimedia.org/wikipedia/en/thumb/1/1b/Semi-protection-shackle.svg/20px-Semi-protection-shackle.svg.png"
"MO","https://upload.wikimedia.org/wikipedia/en/thumb/5/5b/Altria_logo.svg/220px-Altria_logo.svg.png"
"AMZN","https://upload.wikimedia.org/wikipedia/en/thumb/1/1b/Semi-protection-shackle.svg/20px-Semi-protection-shackle.svg.png"
"AMCR","https://upload.wikimedia.org/wikipedia/en/thumb/2/2d/Amcor_logo.png/175px-Amcor_logo.png"
"AEE","https://upload.wikimedia.org/wikipedia/commons/thumb/8/8c/Ameren_logo.svg/200px-Ameren_logo.svg.png"
"AAL","https://upload.wikimedia.org/wikipedia/en/thumb/8/83/American_Airlines_Group_logo.svg/220px-American_Airlines_Group_logo.svg.png"
"AEP","https://upload.wikimedia.org/wikipedia/commons/thumb/5/5f/AEP_logo.svg/220px-AEP_logo.svg.png"
"AXP","https://upload.wikimedia.org/wikipedia/commons/thumb/f/fa/American_Express_logo_%282018%29.svg/150px-American_Express_logo_%282018%29.svg.png"
"AIG","https://upload.wikimedia.org/wikipedia/commons/thumb/5/50/AIG_new_logo.svg/250px-AIG_new_logo.svg.png"
"AMT","https://upload.wikimedia.org/wikipedia/commons/thumb/7/73/American_Tower_Corporation_logo.svg/220px-American_Tower_Corporation_logo.svg.png"
"AWK","https://upload.wikimedia.org/wikipedia/en/thumb/c/c3/American_Water_%28company%29_Logo.svg/220px-American_Water_%28company%29_Logo.svg.png"
"AMP","https://upload.wikimedia.org/wikipedia/commons/thumb/0/08/Ameriprise_Financial_logo.svg/220px-Ameriprise_Financial_logo.svg.png"
"AME","https://upload.wikimedia.org/wikipedia/commons/thumb/b/ba/Ametek_Logo.svg/220px-Ametek_Logo.svg.png"
"AMGN","https://upload.wikimedia.org/wikipedia/en/thumb/9/99/Question_book-new.svg/50px-Question_book-new.svg.png"
"APH","https://upload.wikimedia.org/wikipedia/commons/thumb/e/ee/Logo_Amphenol.svg/240px-Logo_Amphenol.svg.png"
"ADI","https://upload.wikimedia.org/wikipedia/commons/thumb/8/86/Analog_Devices_Logo.svg/200px-Analog_Devices_Logo.svg.png"
"ANSS","https://upload.wikimedia.org/wikipedia/commons/thumb/1/14/Ansys_logo_%282019%29.svg/220px-Ansys_logo_%282019%29.svg.png"
"AON","https://upload.wikimedia.org/wikipedia/commons/thumb/7/72/Aon_Corporation_logo.svg/220px-Aon_Corporation_logo.svg.png"
"APA","https://upload.wikimedia.org/wikipedia/en/thumb/f/f2/Edit-clear.svg/40px-Edit-clear.svg.png"
"AAPL","https://upload.wikimedia.org/wikipedia/en/thumb/1/1b/Semi-protection-shackle.svg/20px-Semi-protection-shackle.svg.png"
"AMAT","https://upload.wikimedia.org/wikipedia/commons/thumb/7/7e/Applied_Materials_Inc._Logo.svg/175px-Applied_Materials_Inc._Logo.svg.png"
"APTV","https://upload.wikimedia.org/wikipedia/commons/thumb/2/26/Aptiv_logo.svg/220px-Aptiv_logo.svg.png"
"ACGL","https://upload.wikimedia.org/wikipedia/en/thumb/9/99/Question_book-new.svg/50px-Question_book-new.svg.png"
"ADM","https://upload.wikimedia.org/wikipedia/commons/thumb/3/36/Archer_Daniels_Midland_logo.svg/130px-Archer_Daniels_Midland_logo.svg.png"
"ANET","https://upload.wikimedia.org/wikipedia/commons/thumb/9/99/Arista-networks-logo.svg/220px-Arista-networks-logo.svg.png"
"AJG","https://upload.wikimedia.org/wikipedia/en/thumb/b/b4/Ambox_important.svg/40px-Ambox_important.svg.png"
"AIZ","https://upload.wikimedia.org/wikipedia/en/thumb/c/cd/Assurant_logo.svg/220px-Assurant_logo.svg.png"
"T","https://upload.wikimedia.org/wikipedia/commons/thumb/3/31/AT%26T_logo_2016.svg/220px-AT%26T_logo_2016.svg.png"
"ATO","https://upload.wikimedia.org/wikipedia/commons/thumb/f/fa/Atmos_Energy_Logo.svg/220px-Atmos_Energy_Logo.svg.png"
"ADSK","https://upload.wikimedia.org/wikipedia/en/thumb/b/b4/Ambox_important.svg/40px-Ambox_important.svg.png"
"ADP","https://upload.wikimedia.org/wikipedia/commons/thumb/c/cf/Automatic_Data_Processing_%28logo%29.svg/175px-Automatic_Data_Processing_%28logo%29.svg.png"
"AZO","https://upload.wikimedia.org/wikipedia/en/thumb/f/fc/AutoZone_logo.svg/250px-AutoZone_logo.svg.png"
"AVB","https://upload.wikimedia.org/wikipedia/commons/thumb/3/39/Avalon-Bay-logo.jpg/220px-Avalon-Bay-logo.jpg"
"AVY","https://upload.wikimedia.org/wikipedia/commons/thumb/9/96/Avery_Dennison_logo_red.png/220px-Avery_Dennison_logo_red.png"
"AXON","https://upload.wikimedia.org/wikipedia/commons/thumb/f/fd/AXON_Company_logo.svg/220px-AXON_Company_logo.svg.png"
"BKR","https://upload.wikimedia.org/wikipedia/commons/thumb/6/69/Baker_Hughes_logo.svg/220px-Baker_Hughes_logo.svg.png"
"BALL","https://upload.wikimedia.org/wikipedia/commons/thumb/9/99/Logo_Ball_Corporation.svg/150px-Logo_Ball_Corporation.svg.png"
"BAC","https://upload.wikimedia.org/wikipedia/commons/thumb/2/20/Bank_of_America_logo.svg/250px-Bank_of_America_logo.svg.png"
"BK","https://upload.wikimedia.org/wikipedia/commons/thumb/a/a2/BNY_Mellon.svg/220px-BNY_Mellon.svg.png"
"BBWI","https://upload.wikimedia.org/wikipedia/commons/thumb/8/8e/Bath_%26_Body_Works_logo.svg/220px-Bath_%26_Body_Works_logo.svg.png"
"BAX","https://upload.wikimedia.org/wikipedia/commons/thumb/d/d4/Baxter.svg/220px-Baxter.svg.png"
"BDX","https://upload.wikimedia.org/wikipedia/commons/thumb/b/bd/Ambox_current_red_Asia_Australia.svg/42px-Ambox_current_red_Asia_Australia.svg.png"
"BRK.B","https://upload.wikimedia.org/wikipedia/commons/thumb/2/23/Berkshire_Hathaway.svg/220px-Berkshire_Hathaway.svg.png"
"BBY","https://upload.wikimedia.org/wikipedia/en/thumb/1/1b/Semi-protection-shackle.svg/20px-Semi-protection-shackle.svg.png"
"BIO","https://upload.wikimedia.org/wikipedia/en/thumb/9/99/Question_book-new.svg/50px-Question_book-new.svg.png"
"TECH","https://upload.wikimedia.org/wikipedia/commons/thumb/b/ba/Bio-Techne_logo.svg/220px-Bio-Techne_logo.svg.png"
"BIIB","https://upload.wikimedia.org/wikipedia/en/thumb/b/bc/Biogen.svg/220px-Biogen.svg.png"
"BLK","https://upload.wikimedia.org/wikipedia/commons/thumb/8/85/BlackRock_wordmark.svg/220px-BlackRock_wordmark.svg.png"
"BX","https://upload.wikimedia.org/wikipedia/commons/thumb/5/5b/The_Blackstone_Group_logo_%282%29.svg/220px-The_Blackstone_Group_logo_%282%29.svg.png"
"BA","https://upload.wikimedia.org/wikipedia/commons/thumb/4/4f/Boeing_full_logo.svg/260px-Boeing_full_logo.svg.png"
"BKNG","https://upload.wikimedia.org/wikipedia/commons/thumb/3/3d/Booking_Holdings_Inc._Logo.svg/220px-Booking_Holdings_Inc._Logo.svg.png"
"BWA","https://upload.wikimedia.org/wikipedia/commons/thumb/f/fe/Unbalanced_scales.svg/45px-Unbalanced_scales.svg.png"
"BXP","https://upload.wikimedia.org/wikipedia/commons/thumb/b/b0/Increase2.svg/11px-Increase2.svg.png"
"BSX","https://upload.wikimedia.org/wikipedia/en/thumb/9/99/Question_book-new.svg/50px-Question_book-new.svg.png"
"BMY","https://upload.wikimedia.org/wikipedia/commons/thumb/c/c6/Bristol-Myers_Squibb_logo_%282020%29.svg/220px-Bristol-Myers_Squibb_logo_%282020%29.svg.png"
"AVGO","https://upload.wikimedia.org/wikipedia/commons/thumb/0/06/Broadcom_Ltd_Logo.svg/250px-Broadcom_Ltd_Logo.svg.png"
"BR","https://upload.wikimedia.org/wikipedia/commons/thumb/d/d0/Broadridge_Financial_Solutions_Logo.svg/220px-Broadridge_Financial_Solutions_Logo.svg.png"
"BRO","https://upload.wikimedia.org/wikipedia/commons/thumb/f/f5/BB004-Hor-RGB_1000px_digital.png/220px-BB004-Hor-RGB_1000px_digital.png"
"BF.B","https://upload.wikimedia.org/wikipedia/en/thumb/3/38/Brown%E2%80%93Forman_logo.svg/220px-Brown%E2%80%93Forman_logo.svg.png"
"BLDR","https://upload.wikimedia.org/wikipedia/en/c/ce/Builders_FirstSource_Logo.png"
"BG","https://upload.wikimedia.org/wikipedia/commons/thumb/0/0c/Bunge_Limited_Logo.svg/220px-Bunge_Limited_Logo.svg.png"
"CDNS","https://upload.wikimedia.org/wikipedia/commons/thumb/4/48/Cadence-Logo.svg/220px-Cadence-Logo.svg.png"
"CZR","https://upload.wikimedia.org/wikipedia/en/thumb/f/f6/Caesars_Entertainment_logo_2020.svg/220px-Caesars_Entertainment_logo_2020.svg.png"
"CPT","https://upload.wikimedia.org/wikipedia/en/thumb/c/c1/Camden_Property_Trust_logo.png/220px-Camden_Property_Trust_logo.png"
"CPB","https://upload.wikimedia.org/wikipedia/commons/thumb/e/e2/Campbell%27s_2021.svg/200px-Campbell%27s_2021.svg.png"
"COF","https://upload.wikimedia.org/wikipedia/commons/thumb/9/98/Capital_One_logo.svg/220px-Capital_One_logo.svg.png"
"CAH","https://upload.wikimedia.org/wikipedia/commons/thumb/e/e1/Cardinal_Health_Logo.svg/250px-Cardinal_Health_Logo.svg.png"
"KMX","https://upload.wikimedia.org/wikipedia/commons/thumb/7/7f/CarMax_New_Logo.svg/250px-CarMax_New_Logo.svg.png"
"CCL","https://upload.wikimedia.org/wikipedia/en/thumb/a/a8/Carnival_Corporation_%26_plc_%28logo%29.svg/220px-Carnival_Corporation_%26_plc_%28logo%29.svg.png"
"CARR","https://upload.wikimedia.org/wikipedia/commons/thumb/8/8f/Logo_of_the_Carrier_Corporation.svg/220px-Logo_of_the_Carrier_Corporation.svg.png"
"CTLT","https://upload.wikimedia.org/wikipedia/commons/thumb/9/98/Coin_Icon.svg/50px-Coin_Icon.svg.png"
"CAT","https://upload.wikimedia.org/wikipedia/commons/thumb/d/d0/Caterpillar_logo.svg/250px-Caterpillar_logo.svg.png"
"CBOE","https://upload.wikimedia.org/wikipedia/commons/thumb/8/8a/Cboe_Global_Markets_Logo.svg/220px-Cboe_Global_Markets_Logo.svg.png"
"CBRE","https://upload.wikimedia.org/wikipedia/en/thumb/b/b4/Ambox_important.svg/40px-Ambox_important.svg.png"
"CDW","https://upload.wikimedia.org/wikipedia/en/thumb/9/99/Question_book-new.svg/50px-Question_book-new.svg.png"
"CE","https://upload.wikimedia.org/wikipedia/en/0/00/CelaneseLogo.png"
"COR","https://upload.wikimedia.org/wikipedia/en/thumb/b/b4/Ambox_important.svg/40px-Ambox_important.svg.png"
"CNC","https://upload.wikimedia.org/wikipedia/commons/thumb/b/bb/Centene_Corporation_Logo.svg/220px-Centene_Corporation_Logo.svg.png"
"CNP","https://upload.wikimedia.org/wikipedia/en/thumb/9/99/Question_book-new.svg/50px-Question_book-new.svg.png"
"CF","https://upload.wikimedia.org/wikipedia/en/thumb/7/78/CF_Industries_New_Logo.svg/220px-CF_Industries_New_Logo.svg.png"
"CHRW","https://upload.wikimedia.org/wikipedia/commons/thumb/3/3f/C._H._Robinson_logo.svg/220px-C._H._Robinson_logo.svg.png"
"CRL","https://upload.wikimedia.org/wikipedia/en/thumb/3/36/Charles_River_Laboratories_Logo.svg/220px-Charles_River_Laboratories_Logo.svg.png"
"SCHW","https://upload.wikimedia.org/wikipedia/commons/thumb/4/4b/Charles_Schwab_Corporation_logo.svg/110px-Charles_Schwab_Corporation_logo.svg.png"
"CHTR","https://upload.wikimedia.org/wikipedia/commons/thumb/c/c8/Charter_Communications_logo.svg/220px-Charter_Communications_logo.svg.png"
"CVX","https://upload.wikimedia.org/wikipedia/commons/thumb/8/86/Chevron_Logo.svg/120px-Chevron_Logo.svg.png"
"CMG","https://upload.wikimedia.org/wikipedia/en/thumb/3/3b/Chipotle_Mexican_Grill_logo.svg/220px-Chipotle_Mexican_Grill_logo.svg.png"
"CB","https://upload.wikimedia.org/wikipedia/commons/thumb/4/48/Chubb-Limited-logo.svg/290px-Chubb-Limited-logo.svg.png"
"CHD","https://upload.wikimedia.org/wikipedia/en/thumb/d/df/Church_%26_Dwight_logo.svg/149px-Church_%26_Dwight_logo.svg.png"
"CI","https://upload.wikimedia.org/wikipedia/en/thumb/5/5f/Cigna_logo.svg/220px-Cigna_logo.svg.png"
"CINF","https://upload.wikimedia.org/wikipedia/en/thumb/b/bc/Cincinnati-Financial.png/220px-Cincinnati-Financial.png"
"CTAS","https://upload.wikimedia.org/wikipedia/commons/thumb/b/bb/Cintas_logo_%282%29.svg/220px-Cintas_logo_%282%29.svg.png"
"CSCO","https://upload.wikimedia.org/wikipedia/commons/thumb/0/08/Cisco_logo_blue_2016.svg/220px-Cisco_logo_blue_2016.svg.png"
"C","https://upload.wikimedia.org/wikipedia/commons/thumb/7/73/Citi_logo_March_2023.svg/100px-Citi_logo_March_2023.svg.png"
"CFG","https://upload.wikimedia.org/wikipedia/commons/thumb/9/9c/Citizens_Financial_Group_logo.svg/220px-Citizens_Financial_Group_logo.svg.png"
"CLX","https://upload.wikimedia.org/wikipedia/commons/thumb/d/d4/The_Clorox_Company_logo%2C_2021.svg/220px-The_Clorox_Company_logo%2C_2021.svg.png"
"CME","https://upload.wikimedia.org/wikipedia/commons/thumb/f/f0/CME_Group_Logo.svg/220px-CME_Group_Logo.svg.png"
"CMS","https://upload.wikimedia.org/wikipedia/en/thumb/3/36/CMS_Energy_logo.png/220px-CMS_Energy_logo.png"
"KO","https://upload.wikimedia.org/wikipedia/commons/thumb/0/09/The_Coca-Cola_Company_%282020%29.svg/220px-The_Coca-Cola_Company_%282020%29.svg.png"
"CTSH","https://upload.wikimedia.org/wikipedia/commons/thumb/4/43/Cognizant_logo_2022.svg/220px-Cognizant_logo_2022.svg.png"
"CL","https://upload.wikimedia.org/wikipedia/commons/thumb/e/e5/Colgate-Palmolive_logo.svg/220px-Colgate-Palmolive_logo.svg.png"
"CMCSA","https://upload.wikimedia.org/wikipedia/commons/thumb/9/9d/Comcast_logo.svg/220px-Comcast_logo.svg.png"
"CMA","https://upload.wikimedia.org/wikipedia/commons/thumb/6/60/Comerica-new-logo.svg/220px-Comerica-new-logo.svg.png"
"CAG","https://upload.wikimedia.org/wikipedia/en/thumb/4/44/Conagra_brands_logo17.png/200px-Conagra_brands_logo17.png"
"COP","https://upload.wikimedia.org/wikipedia/commons/thumb/0/0c/ConocoPhillips_Logo.svg/200px-ConocoPhillips_Logo.svg.png"
"ED","https://upload.wikimedia.org/wikipedia/commons/thumb/0/0c/ConEd_logo.svg/220px-ConEd_logo.svg.png"
"STZ","https://upload.wikimedia.org/wikipedia/en/thumb/7/7f/Constellation_Brands_Logo.png/200px-Constellation_Brands_Logo.png"
"CEG","https://upload.wikimedia.org/wikipedia/en/thumb/4/44/Constellation_Energy.png/250px-Constellation_Energy.png"
"COO","https://upload.wikimedia.org/wikipedia/en/thumb/b/b4/Ambox_important.svg/40px-Ambox_important.svg.png"
"CPRT","https://upload.wikimedia.org/wikipedia/commons/thumb/f/fe/Unbalanced_scales.svg/45px-Unbalanced_scales.svg.png"
"GLW","https://upload.wikimedia.org/wikipedia/en/thumb/9/99/Question_book-new.svg/50px-Question_book-new.svg.png"
"CTVA","https://upload.wikimedia.org/wikipedia/commons/thumb/f/f0/Corteva_logo.svg/220px-Corteva_logo.svg.png"
"CSGP","https://upload.wikimedia.org/wikipedia/en/thumb/a/a3/Costar_group_logo.png/250px-Costar_group_logo.png"
"COST","https://upload.wikimedia.org/wikipedia/commons/thumb/5/59/Costco_Wholesale_logo_2010-10-26.svg/250px-Costco_Wholesale_logo_2010-10-26.svg.png"
"CTRA","https://upload.wikimedia.org/wikipedia/en/thumb/e/e7/Coterra_Logo.svg/220px-Coterra_Logo.svg.png"
"CCI","https://upload.wikimedia.org/wikipedia/commons/thumb/5/5d/Crown_Castle_Logo.svg/220px-Crown_Castle_Logo.svg.png"
"CSX","https://upload.wikimedia.org/wikipedia/commons/thumb/f/fe/CSX_transp_logo.svg/150px-CSX_transp_logo.svg.png"
"CMI","https://upload.wikimedia.org/wikipedia/commons/thumb/c/c4/Cummins_logo.svg/220px-Cummins_logo.svg.png"
"CVS","https://upload.wikimedia.org/wikipedia/commons/thumb/d/df/CVS_Health_Logo.svg/270px-CVS_Health_Logo.svg.png"
"DHR","https://upload.wikimedia.org/wikipedia/en/thumb/b/b4/Ambox_important.svg/40px-Ambox_important.svg.png"
"DRI","https://upload.wikimedia.org/wikipedia/en/thumb/4/4c/Darden_logo.svg/220px-Darden_logo.svg.png"
"DVA","https://upload.wikimedia.org/wikipedia/commons/thumb/d/d3/DaVita_Inc_logo.png/220px-DaVita_Inc_logo.png"
"DAY","https://upload.wikimedia.org/wikipedia/commons/thumb/e/ef/Dayforce_logo.jpg/220px-Dayforce_logo.jpg"
"DE","https://upload.wikimedia.org/wikipedia/en/thumb/c/cf/John_Deere_logo.svg/220px-John_Deere_logo.svg.png"
"DAL","https://upload.wikimedia.org/wikipedia/en/thumb/1/1b/Semi-protection-shackle.svg/20px-Semi-protection-shackle.svg.png"
"XRAY","https://upload.wikimedia.org/wikipedia/en/thumb/f/f2/Edit-clear.svg/40px-Edit-clear.svg.png"
"DVN","https://upload.wikimedia.org/wikipedia/commons/thumb/6/67/Devon-Energy-Logo.svg/220px-Devon-Energy-Logo.svg.png"
"DXCM","https://upload.wikimedia.org/wikipedia/en/thumb/b/b4/Ambox_important.svg/40px-Ambox_important.svg.png"
"FANG","https://upload.wikimedia.org/wikipedia/en/thumb/7/7b/Diamondback_Energy%2C_Logo_2022.svg/220px-Diamondback_Energy%2C_Logo_2022.svg.png"
"DLR","https://upload.wikimedia.org/wikipedia/en/thumb/b/b4/Ambox_important.svg/40px-Ambox_important.svg.png"
"DFS","https://upload.wikimedia.org/wikipedia/commons/thumb/5/57/Discover_Card_logo.svg/200px-Discover_Card_logo.svg.png"
"DG","https://upload.wikimedia.org/wikipedia/commons/thumb/0/05/Dollar_General_logo.svg/250px-Dollar_General_logo.svg.png"
"DLTR","https://upload.wikimedia.org/wikipedia/commons/thumb/c/c2/Dollar_Tree_logo.svg/220px-Dollar_Tree_logo.svg.png"
"D","https://upload.wikimedia.org/wikipedia/commons/thumb/b/b8/Dominion_Energy_logo.svg/220px-Dominion_Energy_logo.svg.png"
"DPZ","https://upload.wikimedia.org/wikipedia/commons/thumb/8/8b/DominosPizza.svg/250px-DominosPizza.svg.png"
"DOV","https://upload.wikimedia.org/wikipedia/en/thumb/b/b4/Ambox_important.svg/40px-Ambox_important.svg.png"
"DOW","https://upload.wikimedia.org/wikipedia/commons/thumb/9/9b/Dow_Chemical_Company_logo.svg/200px-Dow_Chemical_Company_logo.svg.png"
"DHI","https://upload.wikimedia.org/wikipedia/commons/thumb/9/93/D._R._Horton_logo.svg/220px-D._R._Horton_logo.svg.png"
"DTE","https://upload.wikimedia.org/wikipedia/commons/thumb/0/07/DTE_Logo_Blue.svg/220px-DTE_Logo_Blue.svg.png"
"DUK","https://upload.wikimedia.org/wikipedia/commons/thumb/2/2e/Duke_Energy_logo.svg/200px-Duke_Energy_logo.svg.png"
"DD","https://upload.wikimedia.org/wikipedia/commons/thumb/a/a3/DuPont_logo.svg/137px-DuPont_logo.svg.png"
"EMN","https://upload.wikimedia.org/wikipedia/commons/thumb/1/16/Eastman_Chemical_Company_logo.svg/220px-Eastman_Chemical_Company_logo.svg.png"
"ETN","https://upload.wikimedia.org/wikipedia/commons/thumb/2/2b/Eaton_Corporation_logo.svg/220px-Eaton_Corporation_logo.svg.png"
"EBAY","https://upload.wikimedia.org/wikipedia/commons/thumb/1/1b/EBay_logo.svg/220px-EBay_logo.svg.png"
"ECL","https://upload.wikimedia.org/wikipedia/commons/thumb/2/26/Ecolab.svg/220px-Ecolab.svg.png"
"EIX","https://upload.wikimedia.org/wikipedia/en/thumb/9/99/Question_book-new.svg/50px-Question_book-new.svg.png"
"EW","https://upload.wikimedia.org/wikipedia/en/thumb/5/50/Edwards_Lifesciences_logo.png/150px-Edwards_Lifesciences_logo.png"
"EA","https://upload.wikimedia.org/wikipedia/en/thumb/1/1b/Semi-protection-shackle.svg/20px-Semi-protection-shackle.svg.png"
"ELV","https://upload.wikimedia.org/wikipedia/commons/thumb/9/92/Elevance_Health_logo.svg/220px-Elevance_Health_logo.svg.png"
"LLY","https://upload.wikimedia.org/wikipedia/commons/thumb/2/2b/Eli_Lilly_and_Company.svg/220px-Eli_Lilly_and_Company.svg.png"
"EMR","https://upload.wikimedia.org/wikipedia/en/thumb/a/a9/Emerson_Electric_Company.svg/200px-Emerson_Electric_Company.svg.png"
"ENPH","https://upload.wikimedia.org/wikipedia/en/thumb/9/99/Question_book-new.svg/50px-Question_book-new.svg.png"
"ETR","https://upload.wikimedia.org/wikipedia/en/thumb/6/63/Entergy_2022.svg/220px-Entergy_2022.svg.png"
"EOG","https://upload.wikimedia.org/wikipedia/commons/thumb/c/c7/EOG_Resources_logo.svg/220px-EOG_Resources_logo.svg.png"
"EPAM","https://upload.wikimedia.org/wikipedia/commons/thumb/7/72/Effective_Programming_for_America_logo.svg/250px-Effective_Programming_for_America_logo.svg.png"
"EQT","https://upload.wikimedia.org/wikipedia/en/thumb/5/51/EQT_logo.png/220px-EQT_logo.png"
"EFX","https://upload.wikimedia.org/wikipedia/commons/thumb/1/18/Equifax_Logo.svg/220px-Equifax_Logo.svg.png"
"EQIX","https://upload.wikimedia.org/wikipedia/commons/thumb/f/f7/Equinix_logo.svg/153px-Equinix_logo.svg.png"
"EQR","https://upload.wikimedia.org/wikipedia/commons/thumb/1/1f/Equity_Residential_logo.svg/220px-Equity_Residential_logo.svg.png"
"ESS","https://upload.wikimedia.org/wikipedia/commons/thumb/b/b1/Essex_Property_Trust_logo.svg/220px-Essex_Property_Trust_logo.svg.png"
"EL","https://upload.wikimedia.org/wikipedia/commons/thumb/7/79/Est%C3%A9e_Lauder_Companies_Logo.svg/220px-Est%C3%A9e_Lauder_Companies_Logo.svg.png"
"ETSY","https://upload.wikimedia.org/wikipedia/commons/thumb/8/89/Etsy_logo.svg/220px-Etsy_logo.svg.png"
"EG","https://upload.wikimedia.org/wikipedia/commons/thumb/7/71/Everest_Logo.svg/220px-Everest_Logo.svg.png"
"EVRG","https://upload.wikimedia.org/wikipedia/en/thumb/9/99/Question_book-new.svg/50px-Question_book-new.svg.png"
"ES","https://upload.wikimedia.org/wikipedia/en/thumb/b/b4/Ambox_important.svg/40px-Ambox_important.svg.png"
"EXC","https://upload.wikimedia.org/wikipedia/en/thumb/e/e3/Exelon_Logo.svg/220px-Exelon_Logo.svg.png"
"EXPE","https://upload.wikimedia.org/wikipedia/commons/thumb/0/0a/Expedia_Group_logo.svg/220px-Expedia_Group_logo.svg.png"
"EXPD","https://upload.wikimedia.org/wikipedia/en/thumb/c/c7/Expeditors_International_logo.svg/300px-Expeditors_International_logo.svg.png"
"EXR","https://upload.wikimedia.org/wikipedia/en/thumb/3/3a/Extra_Space_Storage_Logo.svg/220px-Extra_Space_Storage_Logo.svg.png"
"XOM","https://upload.wikimedia.org/wikipedia/commons/thumb/1/18/Exxon_Mobil_Logo.svg/220px-Exxon_Mobil_Logo.svg.png"
"FFIV","https://upload.wikimedia.org/wikipedia/en/thumb/f/f9/F5_Networks_logo.svg/150px-F5_Networks_logo.svg.png"
"FDS","https://upload.wikimedia.org/wikipedia/en/thumb/b/b4/Ambox_important.svg/40px-Ambox_important.svg.png"
"FICO","https://upload.wikimedia.org/wikipedia/commons/thumb/3/3b/Fair_Isaac_Corporation_logo.svg/220px-Fair_Isaac_Corporation_logo.svg.png"
"FAST","https://upload.wikimedia.org/wikipedia/en/thumb/b/b4/Ambox_important.svg/40px-Ambox_important.svg.png"
"FRT","https://upload.wikimedia.org/wikipedia/commons/thumb/a/a1/Federal_Realty_Investment_Trust_logo.svg/220px-Federal_Realty_Investment_Trust_logo.svg.png"
"FDX","https://upload.wikimedia.org/wikipedia/commons/thumb/b/b9/FedEx_Corporation_-_2016_Logo.svg/220px-FedEx_Corporation_-_2016_Logo.svg.png"
"FIS","https://upload.wikimedia.org/wikipedia/commons/thumb/8/83/FIS_logo.svg/220px-FIS_logo.svg.png"
"FITB","https://upload.wikimedia.org/wikipedia/commons/thumb/6/67/Fifth_Third_Bank.svg/270px-Fifth_Third_Bank.svg.png"
"FSLR","https://upload.wikimedia.org/wikipedia/en/thumb/b/bb/First_Solar_logo.svg/220px-First_Solar_logo.svg.png"
"FE","https://upload.wikimedia.org/wikipedia/commons/thumb/a/a4/FirstEnergy_Logo.svg/175px-FirstEnergy_Logo.svg.png"
"FI","https://upload.wikimedia.org/wikipedia/en/thumb/b/b4/Ambox_important.svg/40px-Ambox_important.svg.png"
"FLT","https://upload.wikimedia.org/wikipedia/en/thumb/a/ad/Fleetcor_Logo.svg/220px-Fleetcor_Logo.svg.png"
"FMC","https://upload.wikimedia.org/wikipedia/commons/thumb/d/d0/FMC_Corporation_logo.svg/220px-FMC_Corporation_logo.svg.png"
"F","https://upload.wikimedia.org/wikipedia/en/thumb/1/1b/Semi-protection-shackle.svg/20px-Semi-protection-shackle.svg.png"
"FTNT","https://upload.wikimedia.org/wikipedia/en/thumb/9/94/Symbol_support_vote.svg/19px-Symbol_support_vote.svg.png"
"FTV","https://upload.wikimedia.org/wikipedia/en/thumb/b/b4/Ambox_important.svg/40px-Ambox_important.svg.png"
"FOXA","https://upload.wikimedia.org/wikipedia/commons/thumb/2/25/FOX_wordmark.svg/220px-FOX_wordmark.svg.png"
"FOX","https://upload.wikimedia.org/wikipedia/commons/thumb/2/25/FOX_wordmark.svg/220px-FOX_wordmark.svg.png"
"BEN","https://upload.wikimedia.org/wikipedia/commons/thumb/2/27/Logo_Ben_Head.jpg/250px-Logo_Ben_Head.jpg"
"FCX","https://upload.wikimedia.org/wikipedia/en/thumb/b/b1/Freeport_McMoRan.svg/220px-Freeport_McMoRan.svg.png"
"GRMN","https://upload.wikimedia.org/wikipedia/en/thumb/b/b4/Ambox_important.svg/40px-Ambox_important.svg.png"
"IT","https://upload.wikimedia.org/wikipedia/commons/thumb/9/98/Gartner_logo.svg/200px-Gartner_logo.svg.png"
"GEHC","https://upload.wikimedia.org/wikipedia/commons/thumb/b/bc/GE_HealthCare_logo_2023.svg/220px-GE_HealthCare_logo_2023.svg.png"
"GEN","https://upload.wikimedia.org/wikipedia/en/thumb/1/1b/Semi-protection-shackle.svg/20px-Semi-protection-shackle.svg.png"
"GNRC","https://upload.wikimedia.org/wikipedia/commons/thumb/e/ee/Generac_Power_Systems_logo.png/220px-Generac_Power_Systems_logo.png"
"GD","https://upload.wikimedia.org/wikipedia/commons/thumb/d/d0/General_Dynamics_logo.svg/220px-General_Dynamics_logo.svg.png"
"GE","https://upload.wikimedia.org/wikipedia/commons/thumb/f/ff/General_Electric_logo.svg/150px-General_Electric_logo.svg.png"
"GIS","https://upload.wikimedia.org/wikipedia/commons/thumb/0/00/General_Mills_logo.svg/220px-General_Mills_logo.svg.png"
"GM","https://upload.wikimedia.org/wikipedia/en/thumb/e/ea/General_Motors_%28logo_with_wordmark%2C_horizontal%29.svg/220px-General_Motors_%28logo_with_wordmark%2C_horizontal%29.svg.png"
"GPC","https://upload.wikimedia.org/wikipedia/en/thumb/e/eb/Genuine_Parts_Company_logo.svg/150px-Genuine_Parts_Company_logo.svg.png"
"GILD","https://upload.wikimedia.org/wikipedia/en/thumb/5/56/Gilead_Sciences_Logo.svg/250px-Gilead_Sciences_Logo.svg.png"
"GPN","https://upload.wikimedia.org/wikipedia/commons/thumb/1/10/Global_Payments_Inc._logo.svg/200px-Global_Payments_Inc._logo.svg.png"
"GL","https://upload.wikimedia.org/wikipedia/en/thumb/f/f4/Globe_Life_Logo.svg/180px-Globe_Life_Logo.svg.png"
"GS","https://upload.wikimedia.org/wikipedia/commons/thumb/e/ef/Goldman_Sachs_2022_Black.svg/150px-Goldman_Sachs_2022_Black.svg.png"
"HAL","https://upload.wikimedia.org/wikipedia/commons/thumb/8/8b/Halliburton_logo.svg/255px-Halliburton_logo.svg.png"
"HIG","https://upload.wikimedia.org/wikipedia/en/thumb/0/0b/The_Hartford_Financial_Services_Group_logo.svg/220px-The_Hartford_Financial_Services_Group_logo.svg.png"
"HAS","https://upload.wikimedia.org/wikipedia/commons/thumb/e/ea/Hasbro_logo.svg/150px-Hasbro_logo.svg.png"
"HCA","https://upload.wikimedia.org/wikipedia/commons/thumb/f/fe/Unbalanced_scales.svg/45px-Unbalanced_scales.svg.png"
"DOC","https://upload.wikimedia.org/wikipedia/en/thumb/9/99/Question_book-new.svg/50px-Question_book-new.svg.png"
"HSIC","https://upload.wikimedia.org/wikipedia/en/thumb/1/13/Henry_Schein.svg/250px-Henry_Schein.svg.png"
"HSY","https://upload.wikimedia.org/wikipedia/commons/thumb/8/81/HersheyCo.svg/200px-HersheyCo.svg.png"
"HES","https://upload.wikimedia.org/wikipedia/commons/thumb/5/58/Hess_Corporation_Logo.svg/220px-Hess_Corporation_Logo.svg.png"
"HPE","https://upload.wikimedia.org/wikipedia/commons/thumb/4/46/Hewlett_Packard_Enterprise_logo.svg/220px-Hewlett_Packard_Enterprise_logo.svg.png"
"HLT","https://upload.wikimedia.org/wikipedia/commons/thumb/8/8a/Hilton_Worldwide_logo.svg/150px-Hilton_Worldwide_logo.svg.png"
"HOLX","https://upload.wikimedia.org/wikipedia/commons/thumb/2/27/Hologic_logo.svg/250px-Hologic_logo.svg.png"
"HD","https://upload.wikimedia.org/wikipedia/en/thumb/b/b7/Pending-protection-shackle.svg/20px-Pending-protection-shackle.svg.png"
"HON","https://upload.wikimedia.org/wikipedia/commons/thumb/2/2a/Honeywell_logo.svg/220px-Honeywell_logo.svg.png"
"HRL","https://upload.wikimedia.org/wikipedia/en/thumb/9/9a/Hormel_Foods_logo.svg/220px-Hormel_Foods_logo.svg.png"
"HST","https://upload.wikimedia.org/wikipedia/en/3/38/Host_Hotels_%26_Resorts.png"
"HWM","https://upload.wikimedia.org/wikipedia/commons/thumb/0/05/Howmet_Aerospace_logo.svg/220px-Howmet_Aerospace_logo.svg.png"
"HPQ","https://upload.wikimedia.org/wikipedia/commons/thumb/a/ad/HP_logo_2012.svg/120px-HP_logo_2012.svg.png"
"HUBB","https://upload.wikimedia.org/wikipedia/en/thumb/b/b4/Ambox_important.svg/40px-Ambox_important.svg.png"
"HUM","https://upload.wikimedia.org/wikipedia/en/thumb/b/b4/Ambox_important.svg/40px-Ambox_important.svg.png"
"HBAN","https://upload.wikimedia.org/wikipedia/commons/thumb/c/ca/Huntington_Bancshares_Inc._logo.svg/220px-Huntington_Bancshares_Inc._logo.svg.png"
"HII","https://upload.wikimedia.org/wikipedia/commons/thumb/b/b9/HII_logo.svg/220px-HII_logo.svg.png"
"IBM","https://upload.wikimedia.org/wikipedia/commons/thumb/5/51/IBM_logo.svg/190px-IBM_logo.svg.png"
"IEX","https://upload.wikimedia.org/wikipedia/en/thumb/b/b4/Ambox_important.svg/40px-Ambox_important.svg.png"
"IDXX","https://upload.wikimedia.org/wikipedia/commons/thumb/a/ac/IDEXX_Labs.svg/220px-IDEXX_Labs.svg.png"
"ITW","https://upload.wikimedia.org/wikipedia/commons/thumb/7/7a/Illinois_Tool_Works_logo.svg/220px-Illinois_Tool_Works_logo.svg.png"
"ILMN","https://upload.wikimedia.org/wikipedia/commons/thumb/b/b6/Illumina_logo.svg/220px-Illumina_logo.svg.png"
"INCY","https://upload.wikimedia.org/wikipedia/en/thumb/5/5a/Incyte_logo.svg/200px-Incyte_logo.svg.png"
"IR","https://upload.wikimedia.org/wikipedia/commons/thumb/a/a4/Ingersoll_Rand_logo.svg/220px-Ingersoll_Rand_logo.svg.png"
"PODD","https://upload.wikimedia.org/wikipedia/en/thumb/9/99/Question_book-new.svg/50px-Question_book-new.svg.png"
"INTC","https://upload.wikimedia.org/wikipedia/commons/thumb/8/85/Intel_logo_2023.svg/200px-Intel_logo_2023.svg.png"
"ICE","https://upload.wikimedia.org/wikipedia/commons/thumb/a/a7/Intercontinental_Exchange_logo.svg/150px-Intercontinental_Exchange_logo.svg.png"
"IFF","https://upload.wikimedia.org/wikipedia/commons/thumb/9/9c/IFF_Company_Logo.png/250px-IFF_Company_Logo.png"
"IP","https://upload.wikimedia.org/wikipedia/commons/thumb/6/6d/InternationalPaper_logo_2023.svg/220px-InternationalPaper_logo_2023.svg.png"
"IPG","https://upload.wikimedia.org/wikipedia/commons/thumb/9/91/Interpublic_Group_of_Companies_logo.svg/200px-Interpublic_Group_of_Companies_logo.svg.png"
"INTU","https://upload.wikimedia.org/wikipedia/en/thumb/f/f2/Edit-clear.svg/40px-Edit-clear.svg.png"
"ISRG","https://upload.wikimedia.org/wikipedia/commons/thumb/0/01/Intuitive_Surgical_logo.svg/220px-Intuitive_Surgical_logo.svg.png"
"IVZ","https://upload.wikimedia.org/wikipedia/en/thumb/9/9a/Invesco_Logo.svg/220px-Invesco_Logo.svg.png"
"INVH","https://upload.wikimedia.org/wikipedia/en/thumb/8/83/Invitation_Homes_logo.svg/220px-Invitation_Homes_logo.svg.png"
"IQV","https://upload.wikimedia.org/wikipedia/en/thumb/5/5a/IQVIA.svg/220px-IQVIA.svg.png"
"IRM","https://upload.wikimedia.org/wikipedia/en/thumb/9/9d/Iron_Mountain_%28logo%29.svg/220px-Iron_Mountain_%28logo%29.svg.png"
"JBHT","https://upload.wikimedia.org/wikipedia/en/thumb/3/30/J._B._Hunt_logo.svg/250px-J._B._Hunt_logo.svg.png"
"JBL","https://upload.wikimedia.org/wikipedia/en/thumb/b/b4/Ambox_important.svg/40px-Ambox_important.svg.png"
"JKHY","https://upload.wikimedia.org/wikipedia/commons/thumb/d/df/Jack-henry-logo.svg/168px-Jack-henry-logo.svg.png"
"J","https://upload.wikimedia.org/wikipedia/commons/thumb/8/8e/Jacobs_Engineering_Group_2019_logo.svg/220px-Jacobs_Engineering_Group_2019_logo.svg.png"
"JNJ","https://upload.wikimedia.org/wikipedia/commons/thumb/b/be/JNJ_Logo_New.svg/260px-JNJ_Logo_New.svg.png"
"JCI","https://upload.wikimedia.org/wikipedia/en/thumb/0/0f/Johnson_Controls.svg/220px-Johnson_Controls.svg.png"
"JPM","https://upload.wikimedia.org/wikipedia/commons/thumb/0/07/J_P_Morgan_Chase_Logo_2008_1.svg/250px-J_P_Morgan_Chase_Logo_2008_1.svg.png"
"JNPR","https://upload.wikimedia.org/wikipedia/en/thumb/9/94/Symbol_support_vote.svg/19px-Symbol_support_vote.svg.png"
"K","https://upload.wikimedia.org/wikipedia/en/thumb/1/1b/Semi-protection-shackle.svg/20px-Semi-protection-shackle.svg.png"
"KVUE","https://upload.wikimedia.org/wikipedia/commons/thumb/e/e1/Kenvue_logo.svg/220px-Kenvue_logo.svg.png"
"KDP","https://upload.wikimedia.org/wikipedia/en/thumb/b/b4/Ambox_important.svg/40px-Ambox_important.svg.png"
"KEY","https://upload.wikimedia.org/wikipedia/en/thumb/b/b4/Ambox_important.svg/40px-Ambox_important.svg.png"
"KEYS","https://upload.wikimedia.org/wikipedia/en/thumb/5/58/Keysight_Logo.svg/220px-Keysight_Logo.svg.png"
"KMB","https://upload.wikimedia.org/wikipedia/en/thumb/b/b4/Ambox_important.svg/40px-Ambox_important.svg.png"
"KIM","https://upload.wikimedia.org/wikipedia/en/thumb/3/31/Kimco_color_widen_header-01.jpg/220px-Kimco_color_widen_header-01.jpg"
"KMI","https://upload.wikimedia.org/wikipedia/en/thumb/2/2f/Kinder_Morgan_logo.svg/250px-Kinder_Morgan_logo.svg.png"
"KLAC","https://upload.wikimedia.org/wikipedia/en/thumb/f/f2/Edit-clear.svg/40px-Edit-clear.svg.png"
"KHC","https://upload.wikimedia.org/wikipedia/commons/thumb/5/55/KraftHeinz.svg/200px-KraftHeinz.svg.png"
"KR","https://upload.wikimedia.org/wikipedia/en/thumb/1/1c/Kroger_%282021%29_logo.svg/220px-Kroger_%282021%29_logo.svg.png"
"LHX","https://upload.wikimedia.org/wikipedia/en/thumb/2/23/L3Harris_Technologies_logo.svg/220px-L3Harris_Technologies_logo.svg.png"
"LH","https://upload.wikimedia.org/wikipedia/commons/thumb/b/bd/Ambox_current_red_Asia_Australia.svg/42px-Ambox_current_red_Asia_Australia.svg.png"
"LRCX","https://upload.wikimedia.org/wikipedia/en/thumb/b/b7/Pending-protection-shackle.svg/20px-Pending-protection-shackle.svg.png"
"LW","https://upload.wikimedia.org/wikipedia/commons/thumb/2/20/Lamb_Weston_logo.svg/220px-Lamb_Weston_logo.svg.png"
"LVS","https://upload.wikimedia.org/wikipedia/en/thumb/b/b7/Las_Vegas_Sands_logo.svg/200px-Las_Vegas_Sands_logo.svg.png"
"LDOS","https://upload.wikimedia.org/wikipedia/commons/thumb/3/38/Leidos_logo_2013.svg/250px-Leidos_logo_2013.svg.png"
"LEN","https://upload.wikimedia.org/wikipedia/commons/thumb/1/16/Lennar_Logo.svg/220px-Lennar_Logo.svg.png"
"LIN","https://upload.wikimedia.org/wikipedia/commons/thumb/6/6f/Linde_plc_logo.png/220px-Linde_plc_logo.png"
"LYV","https://upload.wikimedia.org/wikipedia/en/thumb/e/ed/Live_Nation_Entertainment_logo.svg/220px-Live_Nation_Entertainment_logo.svg.png"
"LKQ","https://upload.wikimedia.org/wikipedia/commons/thumb/f/ff/LKQ_Corporation_logo.svg/220px-LKQ_Corporation_logo.svg.png"
"LMT","https://upload.wikimedia.org/wikipedia/commons/thumb/9/99/Lockheed_Martin_logo.svg/250px-Lockheed_Martin_logo.svg.png"
"L","https://upload.wikimedia.org/wikipedia/en/thumb/7/75/Loews_Corp.svg/150px-Loews_Corp.svg.png"
"LOW","https://upload.wikimedia.org/wikipedia/commons/thumb/2/2c/Lowes_Companies_Logo.svg/220px-Lowes_Companies_Logo.svg.png"
"LULU","https://upload.wikimedia.org/wikipedia/commons/thumb/2/22/Lululemon_Athletica_logo.svg/120px-Lululemon_Athletica_logo.svg.png"
"LYB","https://upload.wikimedia.org/wikipedia/commons/thumb/6/6c/Logo_of_LyondellBasell_%282023%29.svg/200px-Logo_of_LyondellBasell_%282023%29.svg.png"
"MTB","https://upload.wikimedia.org/wikipedia/commons/thumb/d/d6/M%26T_Bank_wordmark.svg/220px-M%26T_Bank_wordmark.svg.png"
"MRO","https://upload.wikimedia.org/wikipedia/commons/thumb/b/bd/Marathon_Oil_logo.svg/250px-Marathon_Oil_logo.svg.png"
"MPC","https://upload.wikimedia.org/wikipedia/commons/thumb/2/24/Marathon_Petroleum_logo_2022.svg/250px-Marathon_Petroleum_logo_2022.svg.png"
"MKTX","https://upload.wikimedia.org/wikipedia/en/thumb/a/a1/MarketAxess_Logo.svg/220px-MarketAxess_Logo.svg.png"
"MAR","https://upload.wikimedia.org/wikipedia/commons/thumb/e/e7/Marriott_International.svg/220px-Marriott_International.svg.png"
"MMC","https://upload.wikimedia.org/wikipedia/commons/thumb/a/a6/MarshMcLennan_h_rgb_c.svg/250px-MarshMcLennan_h_rgb_c.svg.png"
"MLM","https://upload.wikimedia.org/wikipedia/en/thumb/b/b4/Ambox_important.svg/40px-Ambox_important.svg.png"
"MAS","https://upload.wikimedia.org/wikipedia/commons/thumb/2/2d/Masco_Co._logo.svg/220px-Masco_Co._logo.svg.png"
"MA","https://upload.wikimedia.org/wikipedia/commons/thumb/a/a4/Mastercard_2019_logo.svg/200px-Mastercard_2019_logo.svg.png"
"MTCH","https://upload.wikimedia.org/wikipedia/en/thumb/e/e9/Match_Group_Logo.svg/220px-Match_Group_Logo.svg.png"
"MKC","https://upload.wikimedia.org/wikipedia/commons/thumb/c/c0/MCC_Primary-Logo_SPOT_%281%29.jpg/220px-MCC_Primary-Logo_SPOT_%281%29.jpg"
"MCD","https://upload.wikimedia.org/wikipedia/en/thumb/1/1b/Semi-protection-shackle.svg/20px-Semi-protection-shackle.svg.png"
"MCK","https://upload.wikimedia.org/wikipedia/commons/thumb/d/d9/McKesson_logo.svg/220px-McKesson_logo.svg.png"
"MDT","https://upload.wikimedia.org/wikipedia/commons/thumb/2/2c/Medtronic_logo.svg/220px-Medtronic_logo.svg.png"
"MRK","https://upload.wikimedia.org/wikipedia/commons/thumb/9/94/Merck_Logo.svg/200px-Merck_Logo.svg.png"
"META","https://upload.wikimedia.org/wikipedia/en/thumb/1/1b/Semi-protection-shackle.svg/20px-Semi-protection-shackle.svg.png"
"MET","https://upload.wikimedia.org/wikipedia/commons/thumb/c/c6/MetLife_logo.svg/250px-MetLife_logo.svg.png"
"MTD","https://upload.wikimedia.org/wikipedia/en/thumb/b/b4/Ambox_important.svg/40px-Ambox_important.svg.png"
"MGM","https://upload.wikimedia.org/wikipedia/en/thumb/c/c0/MGM_Resorts_International_logo.svg/220px-MGM_Resorts_International_logo.svg.png"
"MCHP","https://upload.wikimedia.org/wikipedia/en/thumb/b/b4/Ambox_important.svg/40px-Ambox_important.svg.png"
"MU","https://upload.wikimedia.org/wikipedia/commons/thumb/9/9b/Micron_Technology_logo.svg/225px-Micron_Technology_logo.svg.png"
"MSFT","https://upload.wikimedia.org/wikipedia/en/thumb/1/1b/Semi-protection-shackle.svg/20px-Semi-protection-shackle.svg.png"
"MAA","https://upload.wikimedia.org/wikipedia/en/thumb/8/8a/Mid-America_Apartment_Communities_logo.svg/220px-Mid-America_Apartment_Communities_logo.svg.png"
"MRNA","https://upload.wikimedia.org/wikipedia/commons/thumb/6/6a/Moderna_logo.svg/220px-Moderna_logo.svg.png"
"MHK","https://upload.wikimedia.org/wikipedia/commons/thumb/4/44/Mohawk_Industries_logo.svg/220px-Mohawk_Industries_logo.svg.png"
"MOH","https://upload.wikimedia.org/wikipedia/en/thumb/b/b4/Ambox_important.svg/40px-Ambox_important.svg.png"
"TAP","https://upload.wikimedia.org/wikipedia/commons/thumb/7/75/Molson_Coors_Beverage_Company_logo.svg/220px-Molson_Coors_Beverage_Company_logo.svg.png"
"MDLZ","https://upload.wikimedia.org/wikipedia/commons/thumb/5/53/Ambox_current_red_Americas.svg/42px-Ambox_current_red_Americas.svg.png"
"MPWR","https://upload.wikimedia.org/wikipedia/commons/thumb/2/28/Monolithic_Power_Systems_Logo.svg/220px-Monolithic_Power_Systems_Logo.svg.png"
"MNST","https://upload.wikimedia.org/wikipedia/en/thumb/e/e2/Monster_Beverage_logo.png/220px-Monster_Beverage_logo.png"
"MCO","https://upload.wikimedia.org/wikipedia/commons/thumb/a/aa/Moody%E2%80%99s_logo.svg/240px-Moody%E2%80%99s_logo.svg.png"
"MS","https://upload.wikimedia.org/wikipedia/commons/thumb/8/89/Morgan_Stanley_Logo_2024.png/220px-Morgan_Stanley_Logo_2024.png"
"MOS","https://upload.wikimedia.org/wikipedia/commons/thumb/7/7b/Mosaic_Logo.svg/220px-Mosaic_Logo.svg.png"
"MSI","https://upload.wikimedia.org/wikipedia/en/thumb/b/b4/Ambox_important.svg/40px-Ambox_important.svg.png"
"MSCI","https://upload.wikimedia.org/wikipedia/commons/thumb/e/e1/MSCI_logo_2019.svg/220px-MSCI_logo_2019.svg.png"
"NDAQ","https://upload.wikimedia.org/wikipedia/commons/thumb/8/87/NASDAQ_Logo.svg/220px-NASDAQ_Logo.svg.png"
"NTAP","https://upload.wikimedia.org/wikipedia/en/thumb/b/b4/Ambox_important.svg/40px-Ambox_important.svg.png"
"NFLX","https://upload.wikimedia.org/wikipedia/commons/thumb/0/08/Netflix_2015_logo.svg/220px-Netflix_2015_logo.svg.png"
"NEM","https://upload.wikimedia.org/wikipedia/commons/thumb/2/25/Newmont_Corporation_-_Logo.svg/220px-Newmont_Corporation_-_Logo.svg.png"
"NWSA","https://upload.wikimedia.org/wikipedia/commons/thumb/5/55/News_Corp_logo_2013.svg/220px-News_Corp_logo_2013.svg.png"
"NWS","https://upload.wikimedia.org/wikipedia/commons/thumb/5/55/News_Corp_logo_2013.svg/220px-News_Corp_logo_2013.svg.png"
"NEE","https://upload.wikimedia.org/wikipedia/commons/thumb/e/e0/NextEra_Energy_logo_%281%29.svg/220px-NextEra_Energy_logo_%281%29.svg.png"
"NKE","https://upload.wikimedia.org/wikipedia/en/thumb/1/1b/Semi-protection-shackle.svg/20px-Semi-protection-shackle.svg.png"
"NI","https://upload.wikimedia.org/wikipedia/en/thumb/d/de/Nisource_logo.svg/200px-Nisource_logo.svg.png"
"NDSN","https://upload.wikimedia.org/wikipedia/commons/thumb/4/49/Nordson_Corporation_Logo.svg/220px-Nordson_Corporation_Logo.svg.png"
"NSC","https://upload.wikimedia.org/wikipedia/en/thumb/f/f1/Norfolk_Southern_%28logo%2C_horizontal%29.svg/200px-Norfolk_Southern_%28logo%2C_horizontal%29.svg.png"
"NTRS","https://upload.wikimedia.org/wikipedia/en/thumb/e/e0/Northern_Trust_Corp._logo.svg/220px-Northern_Trust_Corp._logo.svg.png"
"NOC","https://upload.wikimedia.org/wikipedia/commons/thumb/3/36/Northrop_Grumman_logo_blue-on-clear_2020.svg/220px-Northrop_Grumman_logo_blue-on-clear_2020.svg.png"
"NCLH","https://upload.wikimedia.org/wikipedia/en/thumb/2/2a/Norwegian_Cruise_Line_Holdings_Logo.svg/220px-Norwegian_Cruise_Line_Holdings_Logo.svg.png"
"NRG","https://upload.wikimedia.org/wikipedia/commons/thumb/5/5b/NRG_Energy_logo.svg/220px-NRG_Energy_logo.svg.png"
"NUE","https://upload.wikimedia.org/wikipedia/commons/thumb/a/a4/Nucor_logo.svg/220px-Nucor_logo.svg.png"
"NVDA","https://upload.wikimedia.org/wikipedia/commons/thumb/a/a4/NVIDIA_logo.svg/260px-NVIDIA_logo.svg.png"
"NVR","https://upload.wikimedia.org/wikipedia/en/thumb/3/33/NVR_Logo_2018.png/220px-NVR_Logo_2018.png"
"NXPI","https://upload.wikimedia.org/wikipedia/commons/thumb/5/50/NXP_Semiconductors_logo_2023.svg/220px-NXP_Semiconductors_logo_2023.svg.png"
"ORLY","https://upload.wikimedia.org/wikipedia/commons/thumb/a/a5/O%27Reilly_Auto_Parts_Logo.svg/220px-O%27Reilly_Auto_Parts_Logo.svg.png"
"OXY","https://upload.wikimedia.org/wikipedia/commons/thumb/2/2c/OXY_LOGO.svg/220px-OXY_LOGO.svg.png"
"ODFL","https://upload.wikimedia.org/wikipedia/en/thumb/9/99/Question_book-new.svg/50px-Question_book-new.svg.png"
"OMC","https://upload.wikimedia.org/wikipedia/commons/thumb/b/bd/Ambox_current_red_Asia_Australia.svg/42px-Ambox_current_red_Asia_Australia.svg.png"
"ON","https://upload.wikimedia.org/wikipedia/commons/thumb/c/c5/Onsemi_logo_2021.svg/220px-Onsemi_logo_2021.svg.png"
"OKE","https://upload.wikimedia.org/wikipedia/en/thumb/a/ab/ONEOK_Logo_.svg/220px-ONEOK_Logo_.svg.png"
"ORCL","https://upload.wikimedia.org/wikipedia/commons/thumb/5/50/Oracle_logo.svg/220px-Oracle_logo.svg.png"
"OTIS","https://upload.wikimedia.org/wikipedia/commons/thumb/7/71/Otis_logo.SVG/220px-Otis_logo.SVG.png"
"PCAR","https://upload.wikimedia.org/wikipedia/en/thumb/b/b4/Ambox_important.svg/40px-Ambox_important.svg.png"
"PKG","https://upload.wikimedia.org/wikipedia/commons/thumb/a/a4/Text_document_with_red_question_mark.svg/40px-Text_document_with_red_question_mark.svg.png"
"PANW","https://upload.wikimedia.org/wikipedia/commons/thumb/d/de/PaloAltoNetworks_2020_Logo.svg/220px-PaloAltoNetworks_2020_Logo.svg.png"
"PARA","https://upload.wikimedia.org/wikipedia/en/thumb/1/1e/Paramount_Global.svg/232px-Paramount_Global.svg.png"
"PH","https://upload.wikimedia.org/wikipedia/commons/thumb/9/9e/Parker_Hannifin.svg/200px-Parker_Hannifin.svg.png"
"PAYX","https://upload.wikimedia.org/wikipedia/en/thumb/1/1b/Semi-protection-shackle.svg/20px-Semi-protection-shackle.svg.png"
"PAYC","https://upload.wikimedia.org/wikipedia/commons/thumb/2/2e/Paycom_logo_%282015%29.png/220px-Paycom_logo_%282015%29.png"
"PYPL","https://upload.wikimedia.org/wikipedia/en/thumb/b/b7/Pending-protection-shackle.svg/20px-Pending-protection-shackle.svg.png"
"PNR","https://upload.wikimedia.org/wikipedia/commons/thumb/0/0e/Pentair_Logo.jpg/220px-Pentair_Logo.jpg"
"PEP","https://upload.wikimedia.org/wikipedia/en/thumb/1/1b/Semi-protection-shackle.svg/20px-Semi-protection-shackle.svg.png"
"PFE","https://upload.wikimedia.org/wikipedia/commons/thumb/5/57/Pfizer_%282021%29.svg/250px-Pfizer_%282021%29.svg.png"
"PCG","https://upload.wikimedia.org/wikipedia/commons/thumb/2/21/Pacific_Gas_and_Electric_Company_%28logo%29.svg/160px-Pacific_Gas_and_Electric_Company_%28logo%29.svg.png"
"PM","https://upload.wikimedia.org/wikipedia/en/thumb/5/55/Philip_Morris_International.svg/250px-Philip_Morris_International.svg.png"
"PSX","https://upload.wikimedia.org/wikipedia/commons/thumb/6/6d/Phillips_66_logo.svg/150px-Phillips_66_logo.svg.png"
"PNW","https://upload.wikimedia.org/wikipedia/commons/thumb/4/43/Pinnacle_West_Capital_logo.png/200px-Pinnacle_West_Capital_logo.png"
"PXD","https://upload.wikimedia.org/wikipedia/commons/thumb/6/62/Pioneer_Natural_Resources_logo.svg/220px-Pioneer_Natural_Resources_logo.svg.png"
"PNC","https://upload.wikimedia.org/wikipedia/commons/thumb/1/1b/PNClogo.svg/220px-PNClogo.svg.png"
"POOL","https://upload.wikimedia.org/wikipedia/en/thumb/6/65/Pool_Corporation_Logo.svg/200px-Pool_Corporation_Logo.svg.png"
"PPG","https://upload.wikimedia.org/wikipedia/commons/thumb/d/db/PPG_Logo.svg/220px-PPG_Logo.svg.png"
"PPL","https://upload.wikimedia.org/wikipedia/commons/thumb/9/9c/Pennsylvania_Power_and_Light_logo.svg/120px-Pennsylvania_Power_and_Light_logo.svg.png"
"PFG","https://upload.wikimedia.org/wikipedia/commons/thumb/a/a4/Text_document_with_red_question_mark.svg/40px-Text_document_with_red_question_mark.svg.png"
"PG","https://upload.wikimedia.org/wikipedia/commons/thumb/8/85/Procter_%26_Gamble_logo.svg/150px-Procter_%26_Gamble_logo.svg.png"
"PGR","https://upload.wikimedia.org/wikipedia/commons/thumb/d/d8/Logo_of_the_Progressive_Corporation.svg/260px-Logo_of_the_Progressive_Corporation.svg.png"
"PLD","https://upload.wikimedia.org/wikipedia/en/thumb/8/81/Prologis_Logo.svg/220px-Prologis_Logo.svg.png"
"PRU","https://upload.wikimedia.org/wikipedia/en/thumb/7/7e/Prudential_Financial.svg/256px-Prudential_Financial.svg.png"
"PEG","https://upload.wikimedia.org/wikipedia/commons/thumb/4/4f/PSEG_logo.svg/200px-PSEG_logo.svg.png"
"PTC","https://upload.wikimedia.org/wikipedia/commons/thumb/1/1d/PTC_logo.svg/220px-PTC_logo.svg.png"
"PSA","https://upload.wikimedia.org/wikipedia/en/thumb/9/94/Symbol_support_vote.svg/19px-Symbol_support_vote.svg.png"
"PHM","https://upload.wikimedia.org/wikipedia/en/thumb/f/f1/Pulte_Group_updated_logo.png/220px-Pulte_Group_updated_logo.png"
"QRVO","https://upload.wikimedia.org/wikipedia/commons/thumb/8/85/Qorvo_logo_black.png/220px-Qorvo_logo_black.png"
"PWR","https://upload.wikimedia.org/wikipedia/en/thumb/b/b4/Ambox_important.svg/40px-Ambox_important.svg.png"
"QCOM","https://upload.wikimedia.org/wikipedia/commons/thumb/f/fc/Qualcomm-Logo.svg/250px-Qualcomm-Logo.svg.png"
"DGX","https://upload.wikimedia.org/wikipedia/en/thumb/7/70/Quest_Diagnostics_logo_2015.png/220px-Quest_Diagnostics_logo_2015.png"
"RL","https://upload.wikimedia.org/wikipedia/commons/thumb/7/72/Ralph_Lauren_logo.svg/220px-Ralph_Lauren_logo.svg.png"
"RJF","https://upload.wikimedia.org/wikipedia/commons/thumb/f/fe/Unbalanced_scales.svg/45px-Unbalanced_scales.svg.png"
"RTX","https://upload.wikimedia.org/wikipedia/en/thumb/3/30/RTX_Raytheon_Technologies_logo.svg/220px-RTX_Raytheon_Technologies_logo.svg.png"
"O","https://upload.wikimedia.org/wikipedia/commons/thumb/9/9b/Realty_Income_logo.svg/220px-Realty_Income_logo.svg.png"
"REG","https://upload.wikimedia.org/wikipedia/commons/thumb/3/3f/Regency_Centers_Corporation_logo.svg/220px-Regency_Centers_Corporation_logo.svg.png"
"REGN","https://upload.wikimedia.org/wikipedia/commons/thumb/4/48/Regeneron_logo.svg/250px-Regeneron_logo.svg.png"
"RF","https://upload.wikimedia.org/wikipedia/commons/thumb/9/93/Regions_Financial_Corp_logo.svg/220px-Regions_Financial_Corp_logo.svg.png"
"RSG","https://upload.wikimedia.org/wikipedia/en/thumb/6/6c/Wiki_letter_w.svg/40px-Wiki_letter_w.svg.png"
"RMD","https://upload.wikimedia.org/wikipedia/commons/thumb/4/4d/ResMed_logo.svg/220px-ResMed_logo.svg.png"
"RVTY","https://upload.wikimedia.org/wikipedia/en/thumb/c/c5/Revvity_Logo.svg/220px-Revvity_Logo.svg.png"
"RHI","https://upload.wikimedia.org/wikipedia/en/thumb/b/b4/Ambox_important.svg/40px-Ambox_important.svg.png"
"ROK","https://upload.wikimedia.org/wikipedia/en/thumb/b/b4/Ambox_important.svg/40px-Ambox_important.svg.png"
"ROL","https://upload.wikimedia.org/wikipedia/en/thumb/9/99/Question_book-new.svg/50px-Question_book-new.svg.png"
"ROP","https://upload.wikimedia.org/wikipedia/en/thumb/b/b4/Ambox_important.svg/40px-Ambox_important.svg.png"
"ROST","https://upload.wikimedia.org/wikipedia/commons/thumb/f/f7/Ross_Stores_logo.svg/220px-Ross_Stores_logo.svg.png"
"RCL","https://upload.wikimedia.org/wikipedia/commons/thumb/b/bd/Royal_Caribbean_Group_logo.svg/240px-Royal_Caribbean_Group_logo.svg.png"
"SPGI","https://upload.wikimedia.org/wikipedia/commons/thumb/e/ee/S%26P_Global_logo.svg/220px-S%26P_Global_logo.svg.png"
"CRM","https://upload.wikimedia.org/wikipedia/commons/thumb/f/f9/Salesforce.com_logo.svg/220px-Salesforce.com_logo.svg.png"
"SBAC","https://upload.wikimedia.org/wikipedia/en/thumb/9/99/Question_book-new.svg/50px-Question_book-new.svg.png"
"SLB","https://upload.wikimedia.org/wikipedia/commons/thumb/d/d6/SLB_Logo_2022.svg/220px-SLB_Logo_2022.svg.png"
"STX","https://upload.wikimedia.org/wikipedia/commons/thumb/7/7f/Seagate_logo.svg/220px-Seagate_logo.svg.png"
"SRE","https://upload.wikimedia.org/wikipedia/commons/thumb/a/a3/Sempra_h_tm_rgb_c.jpg/220px-Sempra_h_tm_rgb_c.jpg"
"NOW","https://upload.wikimedia.org/wikipedia/commons/thumb/5/57/ServiceNow_logo.svg/220px-ServiceNow_logo.svg.png"
"SHW","https://upload.wikimedia.org/wikipedia/en/thumb/3/34/Sherwin_Williams.svg/250px-Sherwin_Williams.svg.png"
"SPG","https://upload.wikimedia.org/wikipedia/commons/thumb/3/30/Simon_Property_Group_Logo_2014.svg/220px-Simon_Property_Group_Logo_2014.svg.png"
"SWKS","https://upload.wikimedia.org/wikipedia/en/thumb/5/51/Skyworks_logo.svg/220px-Skyworks_logo.svg.png"
"SJM","https://upload.wikimedia.org/wikipedia/en/thumb/c/c6/The_J.M._Smucker_Company_logo.svg/220px-The_J.M._Smucker_Company_logo.svg.png"
"SNA","https://upload.wikimedia.org/wikipedia/commons/thumb/3/36/Snap-on_logo.svg/220px-Snap-on_logo.svg.png"
"SO","https://upload.wikimedia.org/wikipedia/en/thumb/3/30/Southern_Company_logo_new.svg/220px-Southern_Company_logo_new.svg.png"
"LUV","https://upload.wikimedia.org/wikipedia/commons/thumb/c/c4/Southwest_Airlines_logo_2014.svg/220px-Southwest_Airlines_logo_2014.svg.png"
"SWK","https://upload.wikimedia.org/wikipedia/commons/thumb/2/2c/Stanley_Black_%26_Decker_Logo.svg/250px-Stanley_Black_%26_Decker_Logo.svg.png"
"SBUX","https://upload.wikimedia.org/wikipedia/en/thumb/1/1b/Semi-protection-shackle.svg/20px-Semi-protection-shackle.svg.png"
"STT","https://upload.wikimedia.org/wikipedia/en/thumb/b/b4/Ambox_important.svg/40px-Ambox_important.svg.png"
"STLD","https://upload.wikimedia.org/wikipedia/commons/thumb/f/f6/Steel_Dynamics.svg/220px-Steel_Dynamics.svg.png"
"STE","https://upload.wikimedia.org/wikipedia/commons/thumb/1/1f/Steris_logo.svg/220px-Steris_logo.svg.png"
"SYK","https://upload.wikimedia.org/wikipedia/commons/thumb/7/79/Stryker_logo.svg/220px-Stryker_logo.svg.png"
"SYF","https://upload.wikimedia.org/wikipedia/commons/thumb/2/22/Synchrony_Financial_logo.svg/220px-Synchrony_Financial_logo.svg.png"
"SNPS","https://upload.wikimedia.org/wikipedia/commons/thumb/6/6c/Synopsys_Logo.svg/220px-Synopsys_Logo.svg.png"
"SYY","https://upload.wikimedia.org/wikipedia/commons/thumb/1/1c/Ambox_rewrite.svg/40px-Ambox_rewrite.svg.png"
"TMUS","https://upload.wikimedia.org/wikipedia/commons/thumb/8/88/T-Mobile_US_Logo_2022_RGB_Magenta_on_Transparent.svg/250px-T-Mobile_US_Logo_2022_RGB_Magenta_on_Transparent.svg.png"
"TROW","https://upload.wikimedia.org/wikipedia/commons/thumb/6/6b/T._Rowe_Price_wordmark.svg/220px-T._Rowe_Price_wordmark.svg.png"
"TTWO","https://upload.wikimedia.org/wikipedia/commons/thumb/d/d6/Take-Two_Interactive_Logo.svg/220px-Take-Two_Interactive_Logo.svg.png"
"TPR","https://upload.wikimedia.org/wikipedia/commons/thumb/2/21/Tapestry_logo.svg/220px-Tapestry_logo.svg.png"
"TRGP","https://upload.wikimedia.org/wikipedia/en/thumb/f/f1/Targa_Resources_logo.svg/220px-Targa_Resources_logo.svg.png"
"TGT","https://upload.wikimedia.org/wikipedia/commons/thumb/c/c7/Target_%282018%29.svg/120px-Target_%282018%29.svg.png"
"TEL","https://upload.wikimedia.org/wikipedia/en/thumb/b/b4/Ambox_important.svg/40px-Ambox_important.svg.png"
"TDY","https://upload.wikimedia.org/wikipedia/commons/thumb/4/4c/Teledyne_logo.svg/220px-Teledyne_logo.svg.png"
"TFX","https://upload.wikimedia.org/wikipedia/commons/thumb/4/4e/Teleflex_logo.svg/220px-Teleflex_logo.svg.png"
"TER","https://upload.wikimedia.org/wikipedia/en/thumb/9/99/Question_book-new.svg/50px-Question_book-new.svg.png"
"TSLA","https://upload.wikimedia.org/wikipedia/en/thumb/9/94/Symbol_support_vote.svg/19px-Symbol_support_vote.svg.png"
"TXN","https://upload.wikimedia.org/wikipedia/commons/thumb/f/fe/Unbalanced_scales.svg/45px-Unbalanced_scales.svg.png"
"TXT","https://upload.wikimedia.org/wikipedia/commons/thumb/8/84/Textron.svg/220px-Textron.svg.png"
"TMO","https://upload.wikimedia.org/wikipedia/commons/thumb/5/50/Thermo_Fisher_Scientific_logo.svg/200px-Thermo_Fisher_Scientific_logo.svg.png"
"TJX","https://upload.wikimedia.org/wikipedia/commons/thumb/a/a6/TJX_Logo.svg/200px-TJX_Logo.svg.png"
"TSCO","https://upload.wikimedia.org/wikipedia/commons/thumb/8/86/TractorSupplyCompanylogo.svg/220px-TractorSupplyCompanylogo.svg.png"
"TT","https://upload.wikimedia.org/wikipedia/commons/thumb/9/9b/TraneTechnologieslogo.svg/220px-TraneTechnologieslogo.svg.png"
"TDG","https://upload.wikimedia.org/wikipedia/en/thumb/0/0c/Transdigm_Group_Logo.png/200px-Transdigm_Group_Logo.png"
"TRV","https://upload.wikimedia.org/wikipedia/en/thumb/9/9e/The_Travelers_Companies.svg/250px-The_Travelers_Companies.svg.png"
"TRMB","https://upload.wikimedia.org/wikipedia/en/thumb/d/dd/Trimble_logo.svg/220px-Trimble_logo.svg.png"
"TFC","https://upload.wikimedia.org/wikipedia/commons/thumb/8/8b/Truist_Financial_logo.svg/250px-Truist_Financial_logo.svg.png"
"TYL","https://upload.wikimedia.org/wikipedia/en/thumb/b/bf/Tyler_Technologies_logo.svg/220px-Tyler_Technologies_logo.svg.png"
"TSN","https://upload.wikimedia.org/wikipedia/commons/thumb/8/8c/Tyson_Foods_logo.svg/220px-Tyson_Foods_logo.svg.png"
"USB","https://upload.wikimedia.org/wikipedia/commons/thumb/c/c5/U.S._Bancorp_logo.svg/250px-U.S._Bancorp_logo.svg.png"
"UBER","https://upload.wikimedia.org/wikipedia/en/thumb/b/b7/Pending-protection-shackle.svg/20px-Pending-protection-shackle.svg.png"
"UDR","https://upload.wikimedia.org/wikipedia/en/thumb/9/99/Question_book-new.svg/50px-Question_book-new.svg.png"
"ULTA","https://upload.wikimedia.org/wikipedia/commons/thumb/9/9e/Ulta_Beauty_logo.svg/250px-Ulta_Beauty_logo.svg.png"
"UNP","https://upload.wikimedia.org/wikipedia/en/thumb/b/b4/Ambox_important.svg/40px-Ambox_important.svg.png"
"UAL","https://upload.wikimedia.org/wikipedia/en/thumb/e/e0/United_Airlines_Logo.svg/220px-United_Airlines_Logo.svg.png"
"UPS","https://upload.wikimedia.org/wikipedia/commons/thumb/6/6b/United_Parcel_Service_logo_2014.svg/175px-United_Parcel_Service_logo_2014.svg.png"
"URI","https://upload.wikimedia.org/wikipedia/commons/thumb/b/b3/United_Rentals_Logo.svg/200px-United_Rentals_Logo.svg.png"
"UNH","https://upload.wikimedia.org/wikipedia/commons/thumb/f/f3/UnitedHealth_Group_logo.svg/220px-UnitedHealth_Group_logo.svg.png"
"UHS","https://upload.wikimedia.org/wikipedia/commons/thumb/f/fe/Unbalanced_scales.svg/45px-Unbalanced_scales.svg.png"
"VLO","https://upload.wikimedia.org/wikipedia/en/thumb/3/3b/Valero_Energy_logo.svg/220px-Valero_Energy_logo.svg.png"
"VTR","https://upload.wikimedia.org/wikipedia/en/b/b5/Ventas_logo.png"
"VLTO","https://upload.wikimedia.org/wikipedia/en/thumb/b/b4/Ambox_important.svg/40px-Ambox_important.svg.png"
"VRSN","https://upload.wikimedia.org/wikipedia/commons/thumb/3/30/Verisign_logo.svg/220px-Verisign_logo.svg.png"
"VRSK","https://upload.wikimedia.org/wikipedia/commons/thumb/2/2f/Verisk_Analytics_Logo.svg/250px-Verisk_Analytics_Logo.svg.png"
"VZ","https://upload.wikimedia.org/wikipedia/en/thumb/e/e0/Merge-split-transwiki_default.svg/36px-Merge-split-transwiki_default.svg.png"
"VRTX","https://upload.wikimedia.org/wikipedia/commons/thumb/d/d9/Vertex_logo.svg/220px-Vertex_logo.svg.png"
"VFC","https://upload.wikimedia.org/wikipedia/commons/thumb/8/8c/VF_Corporation_logo.svg/150px-VF_Corporation_logo.svg.png"
"VTRS","https://upload.wikimedia.org/wikipedia/commons/thumb/f/ff/Viatris.svg/220px-Viatris.svg.png"
"VICI","https://upload.wikimedia.org/wikipedia/commons/thumb/e/ee/Vici_Properties_logo.svg/220px-Vici_Properties_logo.svg.png"
"V","https://upload.wikimedia.org/wikipedia/commons/thumb/d/d6/Visa_2021.svg/220px-Visa_2021.svg.png"
"VMC","https://upload.wikimedia.org/wikipedia/commons/4/47/Vulcan_Materials_logo.png"
"WRB","https://upload.wikimedia.org/wikipedia/en/thumb/a/ab/W.R._Berkley_logo.png/220px-W.R._Berkley_logo.png"
"WAB","https://upload.wikimedia.org/wikipedia/commons/thumb/b/bd/Ambox_current_red_Asia_Australia.svg/42px-Ambox_current_red_Asia_Australia.svg.png"
"WBA","https://upload.wikimedia.org/wikipedia/commons/thumb/b/b0/Walgreens_Boots_Alliance.svg/270px-Walgreens_Boots_Alliance.svg.png"
"WMT","https://upload.wikimedia.org/wikipedia/en/thumb/b/b7/Pending-protection-shackle.svg/20px-Pending-protection-shackle.svg.png"
"DIS","https://upload.wikimedia.org/wikipedia/en/thumb/1/1b/Semi-protection-shackle.svg/20px-Semi-protection-shackle.svg.png"
"WBD","https://upload.wikimedia.org/wikipedia/commons/thumb/6/64/Warner_Bros._Discovery.svg/250px-Warner_Bros._Discovery.svg.png"
"WM","https://upload.wikimedia.org/wikipedia/en/thumb/2/2a/Logo_for_WM.png/220px-Logo_for_WM.png"
"WAT","https://upload.wikimedia.org/wikipedia/en/thumb/9/99/Question_book-new.svg/50px-Question_book-new.svg.png"
"WEC","https://upload.wikimedia.org/wikipedia/en/thumb/9/91/WEC_Energy_Group_Logo.svg/200px-WEC_Energy_Group_Logo.svg.png"
"WFC","https://upload.wikimedia.org/wikipedia/commons/thumb/e/e2/Wells_Fargo_Logo_%282020%29.svg/220px-Wells_Fargo_Logo_%282020%29.svg.png"
"WELL","https://upload.wikimedia.org/wikipedia/en/thumb/4/47/Welltower_logo.svg/220px-Welltower_logo.svg.png"
"WST","https://upload.wikimedia.org/wikipedia/en/thumb/e/ee/West_Pharmaceutical_Services_logo.png/220px-West_Pharmaceutical_Services_logo.png"
"WDC","https://upload.wikimedia.org/wikipedia/en/thumb/9/99/Question_book-new.svg/50px-Question_book-new.svg.png"
"WRK","https://upload.wikimedia.org/wikipedia/commons/thumb/b/b5/WestRock_logo.svg/250px-WestRock_logo.svg.png"
"WY","https://upload.wikimedia.org/wikipedia/commons/thumb/4/47/Weyerhaeuser.svg/220px-Weyerhaeuser.svg.png"
"WHR","https://upload.wikimedia.org/wikipedia/commons/thumb/9/95/Whirlpool_Corporation_Logo_%28as_of_2017%29.svg/220px-Whirlpool_Corporation_Logo_%28as_of_2017%29.svg.png"
"WMB","https://upload.wikimedia.org/wikipedia/commons/thumb/8/81/Williams_Companies_logo.svg/200px-Williams_Companies_logo.svg.png"
"WTW","https://upload.wikimedia.org/wikipedia/en/7/77/WTW_logo.png"
"GWW","https://upload.wikimedia.org/wikipedia/commons/thumb/3/3d/W._W._Grainger_logo.svg/220px-W._W._Grainger_logo.svg.png"
"WYNN","https://upload.wikimedia.org/wikipedia/commons/thumb/d/d0/Wynn_Resorts_new.svg/220px-Wynn_Resorts_new.svg.png"
"XEL","https://upload.wikimedia.org/wikipedia/commons/thumb/4/43/Xcel-energy.svg/220px-Xcel-energy.svg.png"
"XYL","https://upload.wikimedia.org/wikipedia/commons/thumb/2/2d/Xylem_Logo.svg/200px-Xylem_Logo.svg.png"
"YUM","https://upload.wikimedia.org/wikipedia/commons/thumb/5/59/Yum%21_Brands_logo.svg/200px-Yum%21_Brands_logo.svg.png"
"ZBRA","https://upload.wikimedia.org/wikipedia/en/thumb/f/f2/Zebra_Technologies_logo.svg/220px-Zebra_Technologies_logo.svg.png"
"ZBH","https://upload.wikimedia.org/wikipedia/commons/thumb/9/93/Zimmer_Biomet_logo.svg/220px-Zimmer_Biomet_logo.svg.png"
"ZION","https://upload.wikimedia.org/wikipedia/commons/thumb/4/4d/Zions_Bancorporation_Logo.svg/220px-Zions_Bancorporation_Logo.svg.png"
"ZTS","https://upload.wikimedia.org/wikipedia/commons/thumb/0/0f/Zoetis_logo.svg/220px-Zoetis_logo.svg.png"
