Ticker,URL
MMM,https://i.ibb.co/JRnhrX7/MMM-forecast.png
AOS,https://i.ibb.co/r4bCCjz/AOS-forecast.png
ABT,https://i.ibb.co/dPK50Fq/ABT-forecast.png
ABBV,https://i.ibb.co/NZW36TW/ABBV-forecast.png
ABMD,https://i.ibb.co/hFjVVfh/ABMD-forecast.png
ACN,https://i.ibb.co/2vXHkgL/ACN-forecast.png
ATVI,https://i.ibb.co/Fwy5FF3/ATVI-forecast.png
ADM,https://i.ibb.co/wpkQDrP/ADM-forecast.png
ADBE,https://i.ibb.co/g9Z3mFd/ADBE-forecast.png
AAP,https://i.ibb.co/8gTFJF0/AAP-forecast.png
AMD,https://i.ibb.co/9YPSWXp/AMD-forecast.png
AES,https://i.ibb.co/vPMK8sD/AES-forecast.png
AFL,https://i.ibb.co/ykQqjVG/AFL-forecast.png
A,https://i.ibb.co/mvwj9B6/A-forecast.png
APD,https://i.ibb.co/hVRSgD1/APD-forecast.png
AKAM,https://i.ibb.co/4f8JBgn/AKAM-forecast.png
ALK,https://i.ibb.co/qCR3Mw0/ALK-forecast.png
ALB,https://i.ibb.co/NpXRZB3/ALB-forecast.png
ARE,https://i.ibb.co/9ydFgMY/ARE-forecast.png
ALGN,https://i.ibb.co/0rc5yKv/ALGN-forecast.png
ALLE,https://i.ibb.co/3kgXDNL/ALLE-forecast.png
LNT,https://i.ibb.co/HHnPX4F/LNT-forecast.png
ALL,https://i.ibb.co/fvhzFsk/ALL-forecast.png
GOOGL,https://i.ibb.co/F7QvHqr/GOOGL-forecast.png
GOOG,https://i.ibb.co/BTmPR8T/GOOG-forecast.png
MO,https://i.ibb.co/vvJxk2W/MO-forecast.png
AMZN,https://i.ibb.co/PmGC2Py/AMZN-forecast.png
AMCR,https://i.ibb.co/C6JgT4w/AMCR-forecast.png
AEE,https://i.ibb.co/ZBRxR5J/AEE-forecast.png
AAL,https://i.ibb.co/f1r33MJ/AAL-forecast.png
AEP,https://i.ibb.co/cLBv63g/AEP-forecast.png
AXP,https://i.ibb.co/c1VSHCQ/AXP-forecast.png
AIG,https://i.ibb.co/417mzrs/AIG-forecast.png
AMT,https://i.ibb.co/g7fkz7f/AMT-forecast.png
AWK,https://i.ibb.co/WPk2MgR/AWK-forecast.png
AMP,https://i.ibb.co/n1CBnv0/AMP-forecast.png
AME,https://i.ibb.co/4ZZhkwx/AME-forecast.png
AMGN,https://i.ibb.co/VWChKKW/AMGN-forecast.png
APH,https://i.ibb.co/DWDv280/APH-forecast.png
ADI,https://i.ibb.co/nR20ZTS/ADI-forecast.png
ANSS,https://i.ibb.co/RPMTRRq/ANSS-forecast.png
AON,https://i.ibb.co/PFhdSv9/AON-forecast.png
APA,https://i.ibb.co/GHG746X/APA-forecast.png
AAPL,https://i.ibb.co/mHk6Fbr/AAPL-forecast.png
AMAT,https://i.ibb.co/4jXQfNN/AMAT-forecast.png
APTV,https://i.ibb.co/9y9GMp0/APTV-forecast.png
ANET,https://i.ibb.co/vwBjSb3/ANET-forecast.png
AJG,https://i.ibb.co/c2GSD85/AJG-forecast.png
AIZ,https://i.ibb.co/GTZg1sG/AIZ-forecast.png
T,https://i.ibb.co/VxmLVX8/T-forecast.png
ATO,https://i.ibb.co/k27W3Rm/ATO-forecast.png
ADSK,https://i.ibb.co/6yQpqDz/ADSK-forecast.png
ADP,https://i.ibb.co/4VtvkFL/ADP-forecast.png
AZO,https://i.ibb.co/W6STbsq/AZO-forecast.png
AVB,https://i.ibb.co/7kg2Zfj/AVB-forecast.png
AVY,https://i.ibb.co/mCzPdcG/AVY-forecast.png
BKR,https://i.ibb.co/ZzZvtpc/BKR-forecast.png
BAC,https://i.ibb.co/W6Hbyfc/BAC-forecast.png
BBWI,https://i.ibb.co/cgH7n0F/BBWI-forecast.png
BAX,https://i.ibb.co/3yZsTMV/BAX-forecast.png
BDX,https://i.ibb.co/dPLCzN8/BDX-forecast.png
BBY,https://i.ibb.co/qJ9g3qQ/BBY-forecast.png
BIO,https://i.ibb.co/94XNpGV/BIO-forecast.png
TECH,https://i.ibb.co/GTFW9vb/TECH-forecast.png
BIIB,https://i.ibb.co/VVjpDph/BIIB-forecast.png
BLK,https://i.ibb.co/yk8jkZG/BLK-forecast.png
BK,https://i.ibb.co/VQTgBXC/BK-forecast.png
BA,https://i.ibb.co/s34hjJb/BA-forecast.png
BKNG,https://i.ibb.co/10Fnvjq/BKNG-forecast.png
BWA,https://i.ibb.co/t3RwdF3/BWA-forecast.png
BXP,https://i.ibb.co/WFvRtgw/BXP-forecast.png
BSX,https://i.ibb.co/SJmMbn7/BSX-forecast.png
BMY,https://i.ibb.co/QDx4828/BMY-forecast.png
AVGO,https://i.ibb.co/s2mhDSM/AVGO-forecast.png
BR,https://i.ibb.co/cXJBnN6/BR-forecast.png
BRO,https://i.ibb.co/CWcDMGk/BRO-forecast.png
CHRW,https://i.ibb.co/GVMgQN2/CHRW-forecast.png
CDNS,https://i.ibb.co/jhV8ry1/CDNS-forecast.png
CZR,https://i.ibb.co/2cChY4D/CZR-forecast.png
CPB,https://i.ibb.co/fDDWr0p/CPB-forecast.png
COF,https://i.ibb.co/ThdgRfs/COF-forecast.png
CAH,https://i.ibb.co/stSc0nH/CAH-forecast.png
KMX,https://i.ibb.co/94QQmp4/KMX-forecast.png
CCL,https://i.ibb.co/hYYvGRH/CCL-forecast.png
CARR,https://i.ibb.co/8bwk7PJ/CARR-forecast.png
CTLT,https://i.ibb.co/mvkmjCC/CTLT-forecast.png
CAT,https://i.ibb.co/sFBNGxG/CAT-forecast.png
CBOE,https://i.ibb.co/mcQ0bd4/CBOE-forecast.png
CBRE,https://i.ibb.co/ngg7XLS/CBRE-forecast.png
CDW,https://i.ibb.co/V3tDHjp/CDW-forecast.png
CE,https://i.ibb.co/kDyWRhm/CE-forecast.png
CNC,https://i.ibb.co/jybLy9f/CNC-forecast.png
CNP,https://i.ibb.co/2vfX2zY/CNP-forecast.png
CDAY,https://i.ibb.co/rx84LmM/CDAY-forecast.png
CERN,https://i.ibb.co/rwGHSs8/CERN-forecast.png
CF,https://i.ibb.co/Qcm2X66/CF-forecast.png
CRL,https://i.ibb.co/Fwb8N4b/CRL-forecast.png
SCHW,https://i.ibb.co/qY9T1v8/SCHW-forecast.png
CHTR,https://i.ibb.co/zSWDKGj/CHTR-forecast.png
CVX,https://i.ibb.co/4fqRzvL/CVX-forecast.png
CMG,https://i.ibb.co/GJMgg2L/CMG-forecast.png
CB,https://i.ibb.co/FX4q61X/CB-forecast.png
CHD,https://i.ibb.co/5Ynq4b3/CHD-forecast.png
CI,https://i.ibb.co/Rvp6JY7/CI-forecast.png
CINF,https://i.ibb.co/prrs60k/CINF-forecast.png
CTAS,https://i.ibb.co/HKt9tqf/CTAS-forecast.png
CSCO,https://i.ibb.co/1mNXwLY/CSCO-forecast.png
C,https://i.ibb.co/BtTSbZH/C-forecast.png
CFG,https://i.ibb.co/khPQ0k5/CFG-forecast.png
CTXS,https://i.ibb.co/Bjx0pCn/CTXS-forecast.png
CLX,https://i.ibb.co/Vggtmnr/CLX-forecast.png
CME,https://i.ibb.co/2gcbRLC/CME-forecast.png
CMS,https://i.ibb.co/pPV2jYs/CMS-forecast.png
KO,https://i.ibb.co/8Nst2qg/KO-forecast.png
CTSH,https://i.ibb.co/8dnWJLW/CTSH-forecast.png
CL,https://i.ibb.co/QXJDYQv/CL-forecast.png
CMCSA,https://i.ibb.co/YDc3HTs/CMCSA-forecast.png
CMA,https://i.ibb.co/vjYmn3c/CMA-forecast.png
CAG,https://i.ibb.co/4pTpD7N/CAG-forecast.png
COP,https://i.ibb.co/FXNPWMS/COP-forecast.png
ED,https://i.ibb.co/L1sCMVB/ED-forecast.png
STZ,https://i.ibb.co/WVQHR1W/STZ-forecast.png
CPRT,https://i.ibb.co/FgLDkXQ/CPRT-forecast.png
GLW,https://i.ibb.co/1M8hfZL/GLW-forecast.png
CTVA,https://i.ibb.co/6HXNfmR/CTVA-forecast.png
COST,https://i.ibb.co/xXCs8sg/COST-forecast.png
CTRA,https://i.ibb.co/x6Y81R1/CTRA-forecast.png
CCI,https://i.ibb.co/Tw6nvt2/CCI-forecast.png
CSX,https://i.ibb.co/cv6pN1t/CSX-forecast.png
CMI,https://i.ibb.co/Xtn3nCh/CMI-forecast.png
CVS,https://i.ibb.co/F6jgXg8/CVS-forecast.png
DHI,https://i.ibb.co/r0vKdwm/DHI-forecast.png
DHR,https://i.ibb.co/p2n2M4C/DHR-forecast.png
DRI,https://i.ibb.co/DLKRj39/DRI-forecast.png
DVA,https://i.ibb.co/VS3WT5w/DVA-forecast.png
DE,https://i.ibb.co/z8Y45gh/DE-forecast.png
DAL,https://i.ibb.co/GpB4W5w/DAL-forecast.png
XRAY,https://i.ibb.co/x3kBtzJ/XRAY-forecast.png
DVN,https://i.ibb.co/x1y0VM5/DVN-forecast.png
DXCM,https://i.ibb.co/r4YjDB4/DXCM-forecast.png
FANG,https://i.ibb.co/bvT68QN/FANG-forecast.png
DLR,https://i.ibb.co/cJ2vg97/DLR-forecast.png
DFS,https://i.ibb.co/FHSNpny/DFS-forecast.png
DISCK,https://i.ibb.co/Yjq53B7/DISCK-forecast.png
DISH,https://i.ibb.co/0CXBf6c/DISH-forecast.png
DG,https://i.ibb.co/VVyywWC/DG-forecast.png
DLTR,https://i.ibb.co/rkgvfTh/DLTR-forecast.png
D,https://i.ibb.co/cwVv6zL/D-forecast.png
DPZ,https://i.ibb.co/rfLRqTT/DPZ-forecast.png
DOV,https://i.ibb.co/CMRfgkb/DOV-forecast.png
DOW,https://i.ibb.co/y8QhyV6/DOW-forecast.png
DTE,https://i.ibb.co/41rwrNJ/DTE-forecast.png
DUK,https://i.ibb.co/Gdpk1ks/DUK-forecast.png
DRE,https://i.ibb.co/YLC9QVL/DRE-forecast.png
DD,https://i.ibb.co/myxjCrT/DD-forecast.png
DXC,https://i.ibb.co/SsWtdbV/DXC-forecast.png
EMN,https://i.ibb.co/S72CTbs/EMN-forecast.png
ETN,https://i.ibb.co/XsNt8L4/ETN-forecast.png
EBAY,https://i.ibb.co/FY8Dp0s/EBAY-forecast.png
ECL,https://i.ibb.co/DkRF4B3/ECL-forecast.png
EIX,https://i.ibb.co/w43nYgr/EIX-forecast.png
EW,https://i.ibb.co/0ygHzSZ/EW-forecast.png
EA,https://i.ibb.co/znHGVvQ/EA-forecast.png
LLY,https://i.ibb.co/J3g2jJy/LLY-forecast.png
EMR,https://i.ibb.co/n76S62P/EMR-forecast.png
ENPH,https://i.ibb.co/J7Md8Ct/ENPH-forecast.png
ETR,https://i.ibb.co/wKj2WGn/ETR-forecast.png
EOG,https://i.ibb.co/Kwg8yNp/EOG-forecast.png
EFX,https://i.ibb.co/Kjdt3YQ/EFX-forecast.png
EQIX,https://i.ibb.co/PhgGDGV/EQIX-forecast.png
EQR,https://i.ibb.co/HgB5j7X/EQR-forecast.png
ESS,https://i.ibb.co/FzBtyxr/ESS-forecast.png
EL,https://i.ibb.co/p16Typb/EL-forecast.png
ETSY,https://i.ibb.co/DkwpSZ3/ETSY-forecast.png
EVRG,https://i.ibb.co/ssH77TY/EVRG-forecast.png
ES,https://i.ibb.co/jGRtyhW/ES-forecast.png
EXC,https://i.ibb.co/TrkXsNN/EXC-forecast.png
EXPE,https://i.ibb.co/LpBD37M/EXPE-forecast.png
EXPD,https://i.ibb.co/NVFGK2Z/EXPD-forecast.png
EXR,https://i.ibb.co/f43WCcv/EXR-forecast.png
XOM,https://i.ibb.co/CvwGBBk/XOM-forecast.png
FFIV,https://i.ibb.co/1vBHTHx/FFIV-forecast.png
FAST,https://i.ibb.co/kmGPjxy/FAST-forecast.png
FRT,https://i.ibb.co/mTqSy1P/FRT-forecast.png
FDX,https://i.ibb.co/KKcW0LX/FDX-forecast.png
FIS,https://i.ibb.co/R7MKcc6/FIS-forecast.png
FITB,https://i.ibb.co/ZzftyCz/FITB-forecast.png
FE,https://i.ibb.co/p3jxCfs/FE-forecast.png
FISV,https://i.ibb.co/mbL3L3B/FISV-forecast.png
FLT,https://i.ibb.co/LrHB03S/FLT-forecast.png
FMC,https://i.ibb.co/d26vjr4/FMC-forecast.png
F,https://i.ibb.co/bszPVg9/F-forecast.png
FTNT,https://i.ibb.co/hfxfyM6/FTNT-forecast.png
FTV,https://i.ibb.co/9Hxr59V/FTV-forecast.png
FOXA,https://i.ibb.co/N9tBcLg/FOXA-forecast.png
FOX,https://i.ibb.co/GdvfwW7/FOX-forecast.png
BEN,https://i.ibb.co/zNKGFYJ/BEN-forecast.png
FCX,https://i.ibb.co/CmLXRJR/FCX-forecast.png
GPS,https://i.ibb.co/F7vBCFY/GPS-forecast.png
GRMN,https://i.ibb.co/cwjxTq5/GRMN-forecast.png
IT,https://i.ibb.co/gy4vwLH/IT-forecast.png
GNRC,https://i.ibb.co/8jfrrGX/GNRC-forecast.png
GD,https://i.ibb.co/xXxsHXL/GD-forecast.png
GE,https://i.ibb.co/THRwRk0/GE-forecast.png
GIS,https://i.ibb.co/tqpjnZt/GIS-forecast.png
GM,https://i.ibb.co/DgRK23H/GM-forecast.png
GPC,https://i.ibb.co/r7H33xc/GPC-forecast.png
GILD,https://i.ibb.co/vLQg18c/GILD-forecast.png
GPN,https://i.ibb.co/Gdhrkxs/GPN-forecast.png
GL,https://i.ibb.co/PZnVbG5/GL-forecast.png
GS,https://i.ibb.co/8Kymx5P/GS-forecast.png
HAL,https://i.ibb.co/GnyVSNq/HAL-forecast.png
HBI,https://i.ibb.co/Z8qgfpZ/HBI-forecast.png
HAS,https://i.ibb.co/Q8Dq1Jy/HAS-forecast.png
HCA,https://i.ibb.co/1TBvv6k/HCA-forecast.png
PEAK,https://i.ibb.co/cCd6PRH/PEAK-forecast.png
HSIC,https://i.ibb.co/DbWXw4V/HSIC-forecast.png
HES,https://i.ibb.co/y6M8W3g/HES-forecast.png
HPE,https://i.ibb.co/1ZxZTqP/HPE-forecast.png
HLT,https://i.ibb.co/wCVCTyH/HLT-forecast.png
HOLX,https://i.ibb.co/QM8kPdJ/HOLX-forecast.png
HD,https://i.ibb.co/S6j0wjg/HD-forecast.png
HON,https://i.ibb.co/gWBqy9V/HON-forecast.png
HRL,https://i.ibb.co/FXgFjjz/HRL-forecast.png
HST,https://i.ibb.co/hWvRr2d/HST-forecast.png
HWM,https://i.ibb.co/BtPFZtP/HWM-forecast.png
HPQ,https://i.ibb.co/xHj7Pnn/HPQ-forecast.png
HUM,https://i.ibb.co/NKpWVTq/HUM-forecast.png
HBAN,https://i.ibb.co/QJVFLkY/HBAN-forecast.png
HII,https://i.ibb.co/J5qfmkN/HII-forecast.png
IBM,https://i.ibb.co/pWWbpr0/IBM-forecast.png
IEX,https://i.ibb.co/v3Hzrv8/IEX-forecast.png
IDXX,https://i.ibb.co/wcZ2zQJ/IDXX-forecast.png
INFO,https://i.ibb.co/ZGhfQ9C/INFO-forecast.png
ITW,https://i.ibb.co/D5M1XHF/ITW-forecast.png
ILMN,https://i.ibb.co/w6cGVFC/ILMN-forecast.png
INCY,https://i.ibb.co/dLCn2yz/INCY-forecast.png
IR,https://i.ibb.co/J709WTT/IR-forecast.png
INTC,https://i.ibb.co/x7LY6bs/INTC-forecast.png
ICE,https://i.ibb.co/sQgG1cT/ICE-forecast.png
IFF,https://i.ibb.co/VBHgqCV/IFF-forecast.png
IP,https://i.ibb.co/xLvt3qn/IP-forecast.png
IPG,https://i.ibb.co/sJLH4fs/IPG-forecast.png
INTU,https://i.ibb.co/9q7V6QN/INTU-forecast.png
ISRG,https://i.ibb.co/4f79DL9/ISRG-forecast.png
IVZ,https://i.ibb.co/n7rQrF2/IVZ-forecast.png
IPGP,https://i.ibb.co/dkCWXyq/IPGP-forecast.png
IQV,https://i.ibb.co/Bsx8L5C/IQV-forecast.png
IRM,https://i.ibb.co/c20GcLy/IRM-forecast.png
JBHT,https://i.ibb.co/8NThYXR/JBHT-forecast.png
JKHY,https://i.ibb.co/G3GNbLS/JKHY-forecast.png
J,https://i.ibb.co/Z8WH13W/J-forecast.png
SJM,https://i.ibb.co/LkJJdfG/SJM-forecast.png
JNJ,https://i.ibb.co/SVvqpxb/JNJ-forecast.png
JCI,https://i.ibb.co/C6z4qW9/JCI-forecast.png
JPM,https://i.ibb.co/3k9TtWg/JPM-forecast.png
JNPR,https://i.ibb.co/cC8wrJw/JNPR-forecast.png
KSU,https://i.ibb.co/GW5w7Tr/KSU-forecast.png
K,https://i.ibb.co/v1KGNLy/K-forecast.png
KEY,https://i.ibb.co/ZxtRj5R/KEY-forecast.png
KEYS,https://i.ibb.co/bQ2hRx7/KEYS-forecast.png
KMB,https://i.ibb.co/7zRnGmp/KMB-forecast.png
KIM,https://i.ibb.co/5YkyFf9/KIM-forecast.png
KMI,https://i.ibb.co/4K4qrWn/KMI-forecast.png
KLAC,https://i.ibb.co/C0rGQ4n/KLAC-forecast.png
KHC,https://i.ibb.co/3WxhNj4/KHC-forecast.png
KR,https://i.ibb.co/12KxbQz/KR-forecast.png
LHX,https://i.ibb.co/3FmNjHB/LHX-forecast.png
LH,https://i.ibb.co/Vpz8cxP/LH-forecast.png
LRCX,https://i.ibb.co/JdR0n6h/LRCX-forecast.png
LW,https://i.ibb.co/ft36ZWW/LW-forecast.png
LVS,https://i.ibb.co/tB1K1M5/LVS-forecast.png
LEG,https://i.ibb.co/tqng5Cd/LEG-forecast.png
LDOS,https://i.ibb.co/L86fpF5/LDOS-forecast.png
LEN,https://i.ibb.co/HFYDHjQ/LEN-forecast.png
LNC,https://i.ibb.co/Cmdbkzd/LNC-forecast.png
LIN,https://i.ibb.co/y0DC5SC/LIN-forecast.png
LYV,https://i.ibb.co/phJwCfS/LYV-forecast.png
LKQ,https://i.ibb.co/syPTkD7/LKQ-forecast.png
LMT,https://i.ibb.co/3r34cQF/LMT-forecast.png
L,https://i.ibb.co/rkYBVfK/L-forecast.png
LOW,https://i.ibb.co/Mp3dyXY/LOW-forecast.png
LUMN,https://i.ibb.co/PNtZw1h/LUMN-forecast.png
LYB,https://i.ibb.co/3N4qqdw/LYB-forecast.png
MTB,https://i.ibb.co/w6QG6VX/MTB-forecast.png
MRO,https://i.ibb.co/cYNBsJv/MRO-forecast.png
MPC,https://i.ibb.co/Dbm0NQh/MPC-forecast.png
MKTX,https://i.ibb.co/DzB221C/MKTX-forecast.png
MAR,https://i.ibb.co/0n1PJBB/MAR-forecast.png
MMC,https://i.ibb.co/swt7V8p/MMC-forecast.png
MLM,https://i.ibb.co/nPJXvFY/MLM-forecast.png
MAS,https://i.ibb.co/JQRW7Vj/MAS-forecast.png
MA,https://i.ibb.co/416RM6Y/MA-forecast.png
MTCH,https://i.ibb.co/Czp24g9/MTCH-forecast.png
MKC,https://i.ibb.co/Dgdm1vm/MKC-forecast.png
MCD,https://i.ibb.co/wR6wGVD/MCD-forecast.png
MCK,https://i.ibb.co/MGmYvJB/MCK-forecast.png
MDT,https://i.ibb.co/87DD8yH/MDT-forecast.png
MRK,https://i.ibb.co/Fq3nNcf/MRK-forecast.png
MET,https://i.ibb.co/gjhqj0L/MET-forecast.png
MTD,https://i.ibb.co/2hn0yt0/MTD-forecast.png
MGM,https://i.ibb.co/KjWmNSL/MGM-forecast.png
MCHP,https://i.ibb.co/C0Ghj7f/MCHP-forecast.png
MU,https://i.ibb.co/yYjQx0q/MU-forecast.png
MSFT,https://i.ibb.co/fMC3S3m/MSFT-forecast.png
MAA,https://i.ibb.co/DzqtBJV/MAA-forecast.png
MRNA,https://i.ibb.co/grqfMHL/MRNA-forecast.png
MHK,https://i.ibb.co/fXkDNSq/MHK-forecast.png
TAP,https://i.ibb.co/nPxBnMG/TAP-forecast.png
MDLZ,https://i.ibb.co/DkNdFQL/MDLZ-forecast.png
MPWR,https://i.ibb.co/nwsXpDp/MPWR-forecast.png
MNST,https://i.ibb.co/kxjGwp1/MNST-forecast.png
MCO,https://i.ibb.co/L5ScQDT/MCO-forecast.png
MS,https://i.ibb.co/bQp19gm/MS-forecast.png
MSI,https://i.ibb.co/3mDvrzK/MSI-forecast.png
MSCI,https://i.ibb.co/9Z7wL2n/MSCI-forecast.png
NDAQ,https://i.ibb.co/pXRGLvt/NDAQ-forecast.png
NTAP,https://i.ibb.co/KjTS1Zw/NTAP-forecast.png
NFLX,https://i.ibb.co/P59JZyD/NFLX-forecast.png
NWL,https://i.ibb.co/N6KLrCn/NWL-forecast.png
NEM,https://i.ibb.co/2PkcWCY/NEM-forecast.png
NWSA,https://i.ibb.co/M5kMGtT/NWSA-forecast.png
NWS,https://i.ibb.co/TBDJ85s/NWS-forecast.png
NEE,https://i.ibb.co/R0qz8CX/NEE-forecast.png
NLSN,https://i.ibb.co/TBPzK31/NLSN-forecast.png
NKE,https://i.ibb.co/FBSrDDQ/NKE-forecast.png
NI,https://i.ibb.co/r3N2hpy/NI-forecast.png
NSC,https://i.ibb.co/ZzdgvnC/NSC-forecast.png
NTRS,https://i.ibb.co/2sKDKyC/NTRS-forecast.png
NOC,https://i.ibb.co/RHR9vnM/NOC-forecast.png
NLOK,https://i.ibb.co/KK4HdhT/NLOK-forecast.png
NCLH,https://i.ibb.co/drNtHHd/NCLH-forecast.png
NRG,https://i.ibb.co/8Md6XD1/NRG-forecast.png
NUE,https://i.ibb.co/JcCk0ZF/NUE-forecast.png
NVDA,https://i.ibb.co/HzxTVXN/NVDA-forecast.png
NVR,https://i.ibb.co/kHGmqK8/NVR-forecast.png
NXPI,https://i.ibb.co/M6LXYqn/NXPI-forecast.png
ORLY,https://i.ibb.co/DwTBPb1/ORLY-forecast.png
OXY,https://i.ibb.co/pjB7wc3/OXY-forecast.png
ODFL,https://i.ibb.co/128PVkM/ODFL-forecast.png
OMC,https://i.ibb.co/zb4LkS3/OMC-forecast.png
OKE,https://i.ibb.co/NCFZ4Tz/OKE-forecast.png
ORCL,https://i.ibb.co/Mh7Vc8c/ORCL-forecast.png
OGN,https://i.ibb.co/yNd84GH/OGN-forecast.png
OTIS,https://i.ibb.co/3mj0B59/OTIS-forecast.png
PCAR,https://i.ibb.co/YfCH05L/PCAR-forecast.png
PKG,https://i.ibb.co/gPRb1wT/PKG-forecast.png
PH,https://i.ibb.co/G5vpFM5/PH-forecast.png
PAYX,https://i.ibb.co/9bS8Q8f/PAYX-forecast.png
PAYC,https://i.ibb.co/JnSZBrm/PAYC-forecast.png
PYPL,https://i.ibb.co/vYrpnPg/PYPL-forecast.png
PENN,https://i.ibb.co/6DGw3xB/PENN-forecast.png
PNR,https://i.ibb.co/jy3tJ0H/PNR-forecast.png
PBCT,https://i.ibb.co/rH2fk0N/PBCT-forecast.png
PEP,https://i.ibb.co/gRfwTfD/PEP-forecast.png
PFE,https://i.ibb.co/RytH2Yt/PFE-forecast.png
PM,https://i.ibb.co/rZtztmR/PM-forecast.png
PSX,https://i.ibb.co/zNd2t3t/PSX-forecast.png
PNW,https://i.ibb.co/HDwqdT7/PNW-forecast.png
PXD,https://i.ibb.co/dPYhG3s/PXD-forecast.png
PNC,https://i.ibb.co/MNrY2LY/PNC-forecast.png
POOL,https://i.ibb.co/cvQTdMc/POOL-forecast.png
PPG,https://i.ibb.co/ZdR6v36/PPG-forecast.png
PPL,https://i.ibb.co/svnBBrQ/PPL-forecast.png
PFG,https://i.ibb.co/tQt6Dn1/PFG-forecast.png
PG,https://i.ibb.co/ys9nzgJ/PG-forecast.png
PGR,https://i.ibb.co/DGgnTRZ/PGR-forecast.png
PLD,https://i.ibb.co/rFpQ60S/PLD-forecast.png
PRU,https://i.ibb.co/3hSbkF4/PRU-forecast.png
PTC,https://i.ibb.co/HPJSJVK/PTC-forecast.png
PEG,https://i.ibb.co/mbQXp2N/PEG-forecast.png
PSA,https://i.ibb.co/2SH62Fv/PSA-forecast.png
PHM,https://i.ibb.co/ft1H8W2/PHM-forecast.png
PVH,https://i.ibb.co/y52dHrd/PVH-forecast.png
QRVO,https://i.ibb.co/mhddb4b/QRVO-forecast.png
QCOM,https://i.ibb.co/qmFF9TX/QCOM-forecast.png
PWR,https://i.ibb.co/ncwQNcz/PWR-forecast.png
DGX,https://i.ibb.co/sm282qV/DGX-forecast.png
RL,https://i.ibb.co/BV7H13v/RL-forecast.png
RJF,https://i.ibb.co/nCr5LGL/RJF-forecast.png
RTX,https://i.ibb.co/HK55Mx6/RTX-forecast.png
O,https://i.ibb.co/4PYG9vq/O-forecast.png
REG,https://i.ibb.co/tqDgdSy/REG-forecast.png
REGN,https://i.ibb.co/fxwV2h1/REGN-forecast.png
RF,https://i.ibb.co/VvJR815/RF-forecast.png
RSG,https://i.ibb.co/p1QQF7j/RSG-forecast.png
RMD,https://i.ibb.co/SQYKF6c/RMD-forecast.png
RHI,https://i.ibb.co/5km05Br/RHI-forecast.png
ROK,https://i.ibb.co/4gp6knM/ROK-forecast.png
ROL,https://i.ibb.co/270JcVc/ROL-forecast.png
ROP,https://i.ibb.co/cLPXmPm/ROP-forecast.png
ROST,https://i.ibb.co/vJCnfz1/ROST-forecast.png
RCL,https://i.ibb.co/hCCsM9W/RCL-forecast.png
SPGI,https://i.ibb.co/kxpN7nz/SPGI-forecast.png
CRM,https://i.ibb.co/zHvjc3s/CRM-forecast.png
SBAC,https://i.ibb.co/YL9g4yg/SBAC-forecast.png
SLB,https://i.ibb.co/xf9f5NV/SLB-forecast.png
STX,https://i.ibb.co/SmCQW2q/STX-forecast.png
SEE,https://i.ibb.co/sQpydkV/SEE-forecast.png
SRE,https://i.ibb.co/XtsqBtm/SRE-forecast.png
NOW,https://i.ibb.co/d251DBY/NOW-forecast.png
SHW,https://i.ibb.co/fqnpfHL/SHW-forecast.png
SPG,https://i.ibb.co/Y02VKyz/SPG-forecast.png
SWKS,https://i.ibb.co/txdYNRx/SWKS-forecast.png
SNA,https://i.ibb.co/thk0CCk/SNA-forecast.png
SO,https://i.ibb.co/hsGxXCL/SO-forecast.png
LUV,https://i.ibb.co/bQJzBYk/LUV-forecast.png
SWK,https://i.ibb.co/748K9yf/SWK-forecast.png
SBUX,https://i.ibb.co/wWfxjXp/SBUX-forecast.png
STT,https://i.ibb.co/8MqxQrG/STT-forecast.png
STE,https://i.ibb.co/1dxQHpK/STE-forecast.png
SYK,https://i.ibb.co/n7MfJRW/SYK-forecast.png
SIVB,https://i.ibb.co/6Hj6Z8v/SIVB-forecast.png
SYF,https://i.ibb.co/MPGS7Y2/SYF-forecast.png
SNPS,https://i.ibb.co/Yc87Q3M/SNPS-forecast.png
SYY,https://i.ibb.co/fYyQ1cC/SYY-forecast.png
TMUS,https://i.ibb.co/NyXtssN/TMUS-forecast.png
TROW,https://i.ibb.co/LCNHBVK/TROW-forecast.png
TTWO,https://i.ibb.co/mBNM8d8/TTWO-forecast.png
TPR,https://i.ibb.co/Pz5SsDx/TPR-forecast.png
TGT,https://i.ibb.co/W2sxy2H/TGT-forecast.png
TEL,https://i.ibb.co/J2BSqXx/TEL-forecast.png
TDY,https://i.ibb.co/YtLhn7v/TDY-forecast.png
TFX,https://i.ibb.co/1X37ZGZ/TFX-forecast.png
TER,https://i.ibb.co/M5KMYvM/TER-forecast.png
TSLA,https://i.ibb.co/hFWcgQ4/TSLA-forecast.png
TXN,https://i.ibb.co/2M7ztdL/TXN-forecast.png
TXT,https://i.ibb.co/WPH4kG6/TXT-forecast.png
COO,https://i.ibb.co/4gtdyJt/COO-forecast.png
HIG,https://i.ibb.co/f8LR4tq/HIG-forecast.png
HSY,https://i.ibb.co/0JXvRyh/HSY-forecast.png
MOS,https://i.ibb.co/8XQTHMx/MOS-forecast.png
TRV,https://i.ibb.co/wwKm64h/TRV-forecast.png
DIS,https://i.ibb.co/qk3RVtv/DIS-forecast.png
TMO,https://i.ibb.co/G2zWp8j/TMO-forecast.png
TJX,https://i.ibb.co/cxWbQYn/TJX-forecast.png
TSCO,https://i.ibb.co/M1qqXQf/TSCO-forecast.png
TT,https://i.ibb.co/RN2hBwL/TT-forecast.png
TDG,https://i.ibb.co/P4dKfJY/TDG-forecast.png
TRMB,https://i.ibb.co/y4Y7Zxj/TRMB-forecast.png
TFC,https://i.ibb.co/wrHWH4m/TFC-forecast.png
TWTR,https://i.ibb.co/3BF9GWj/TWTR-forecast.png
TYL,https://i.ibb.co/1q19L35/TYL-forecast.png
TSN,https://i.ibb.co/cgjBb2X/TSN-forecast.png
USB,https://i.ibb.co/1TgK9c9/USB-forecast.png
UDR,https://i.ibb.co/wg54qSm/UDR-forecast.png
ULTA,https://i.ibb.co/ncR0RX4/ULTA-forecast.png
UAA,https://i.ibb.co/JFShJV2/UAA-forecast.png
UA,https://i.ibb.co/3CFDPdk/UA-forecast.png
UNP,https://i.ibb.co/nrwWTgQ/UNP-forecast.png
UAL,https://i.ibb.co/JrvsxrR/UAL-forecast.png
UPS,https://i.ibb.co/2NnTzPD/UPS-forecast.png
URI,https://i.ibb.co/Sm2dWvS/URI-forecast.png
UNH,https://i.ibb.co/VCHXF0T/UNH-forecast.png
UHS,https://i.ibb.co/gTtcP7P/UHS-forecast.png
VLO,https://i.ibb.co/hD7s1pL/VLO-forecast.png
VTR,https://i.ibb.co/jGgQpkg/VTR-forecast.png
VRSN,https://i.ibb.co/7g5HFFz/VRSN-forecast.png
VRSK,https://i.ibb.co/sRwVkzC/VRSK-forecast.png
VZ,https://i.ibb.co/fnDhPhV/VZ-forecast.png
VRTX,https://i.ibb.co/rpSzpKf/VRTX-forecast.png
VFC,https://i.ibb.co/ZHSkd1c/VFC-forecast.png
VIAC,https://i.ibb.co/Jdj8JZV/VIAC-forecast.png
VTRS,https://i.ibb.co/s9knVK0/VTRS-forecast.png
V,https://i.ibb.co/SXRYbWK/V-forecast.png
VNO,https://i.ibb.co/swbbnkw/VNO-forecast.png
VMC,https://i.ibb.co/26q5Wmg/VMC-forecast.png
WRB,https://i.ibb.co/T0yG3V9/WRB-forecast.png
GWW,https://i.ibb.co/fNQNsgM/GWW-forecast.png
WAB,https://i.ibb.co/f1kFyvx/WAB-forecast.png
WBA,https://i.ibb.co/d6QjsrY/WBA-forecast.png
WMT,https://i.ibb.co/QNLq7bL/WMT-forecast.png
WM,https://i.ibb.co/bLfCYyg/WM-forecast.png
WAT,https://i.ibb.co/vXLt2FY/WAT-forecast.png
WEC,https://i.ibb.co/b7bj38v/WEC-forecast.png
WFC,https://i.ibb.co/2sSV67r/WFC-forecast.png
WELL,https://i.ibb.co/YQ6jJhM/WELL-forecast.png
WST,https://i.ibb.co/Sysjhf7/WST-forecast.png
WDC,https://i.ibb.co/4txZKCd/WDC-forecast.png
WU,https://i.ibb.co/7CyPL3R/WU-forecast.png
WRK,https://i.ibb.co/sy7Kg54/WRK-forecast.png
WY,https://i.ibb.co/yktMYGz/WY-forecast.png
WHR,https://i.ibb.co/8795Hmt/WHR-forecast.png
WMB,https://i.ibb.co/x8kQXkW/WMB-forecast.png
WYNN,https://i.ibb.co/s9RVPLz/WYNN-forecast.png
XEL,https://i.ibb.co/kB596fc/XEL-forecast.png
XLNX,https://i.ibb.co/51v69W0/XLNX-forecast.png
XYL,https://i.ibb.co/XZ3ShYy/XYL-forecast.png
YUM,https://i.ibb.co/3S4M74w/YUM-forecast.png
ZBRA,https://i.ibb.co/ydYLQJB/ZBRA-forecast.png
ZBH,https://i.ibb.co/tYTBTLr/ZBH-forecast.png
ZION,https://i.ibb.co/5cKm5sL/ZION-forecast.png
ZTS,https://i.ibb.co/GP005WB/ZTS-forecast.png
